ID,Player,TEAM,AGE,POS,HANDED,GP,G,A,P,P/GP,+/-,Sh,Sh%,TOI,ixG,iSh,iCF,iFF,ixG60,iSh60,iCF60,iFF60,W,L,SO,GAA,Sv%,CLAUSE,EXPIRY,CAP HIT,SALARY
1, Connor McDavid,EDM,21,C,Left,78,41,75,116,1.49,3,240,0.17,22:50,33.83,240,423,327,1.13,8.08,14.25,11.01,-,-,-,-,-,,UFA,"$12,500,000","$15,000,000"
2, John Tavares,TOR,27,C,Left,82,47,41,88,1.07,19,286,0.16,19:05,40.88,286,485,401,1.57,10.96,18.59,15.37,-,-,-,-,-,NMC,UFA,"$11,000,000","$15,900,000"
3, Patrick Kane,CHI,29,RW,Left,81,44,66,110,1.36,2,341,0.13,22:29,34.21,341,598,454,1.12,11.23,19.7,14.96,-,-,-,-,-,NMC,UFA,"$10,500,000","$12,000,000"
4, Jonathan Toews,CHI,30,C,Left,82,35,46,81,0.99,2,235,0.15,21:00,27.54,236,355,291,0.96,8.22,12.37,10.14,-,-,-,-,-,NMC,UFA,"$10,500,000","$12,000,000"
5, Carey Price,MTL,30,G,Left,66,-,-,-,-,-,-,-,-,-,-,-,-,-,-,-,-,35,24,4,2.49,0.918,NMC,UFA,"$10,500,000","$15,000,000"
6, William Nylander,TOR,22,"RW, LW",Right,54,7,20,27,0.5,-4,130,0.05,15:30,13.52,130,246,190,0.97,9.31,17.62,13.61,-,-,-,-,-,,UFA,"$10,277,778","$12,000,000"
7, Anze Kopitar,LAK,30,C,Left,81,22,38,60,0.74,-20,156,0.14,22:18,20.68,156,298,227,0.69,5.18,9.9,7.54,-,-,-,-,-,NMC,UFA,"$10,000,000","$12,000,000"
8, Jack Eichel,BUF,21,C,Right,77,28,54,82,1.06,-11,303,0.09,20:26,27.83,303,485,392,1.06,11.55,18.48,14.94,-,-,-,-,-,,UFA,"$10,000,000","$10,000,000"
9, Alex Ovechkin,WSH,32,"LW, RW",Right,81,51,38,89,1.1,7,338,0.15,20:55,37.49,338,668,501,1.33,11.97,23.65,17.73,-,-,-,-,-,M-NTC,UFA,"$9,538,462","$10,000,000"
10, Evgeni Malkin,PIT,31,C,Left,68,21,51,72,1.06,-25,187,0.11,18:48,19.85,188,324,245,0.93,8.82,15.2,11.5,-,-,-,-,-,NMC,UFA,"$9,500,000","$9,500,000"
11, Jamie Benn,DAL,28,LW,Left,78,27,26,53,0.68,14,189,0.14,18:13,26.53,189,329,255,1.12,7.98,13.88,10.76,-,-,-,-,-,NMC,UFA,"$9,500,000","$13,000,000"
12,P.K. Subban,NJD,29,RD,Right,63,9,22,31,0.49,5,168,0.05,22:39,5.82,168,306,226,0.24,7.06,12.86,9.5,-,-,-,-,-,,UFA,"$9,000,000","$10,000,000"
13, Sidney Crosby,PIT,30,C,Left,79,35,65,100,1.27,18,220,0.16,20:59,29.81,220,348,290,1.08,7.96,12.59,10.49,-,-,-,-,-,NMC,UFA,"$8,700,000","$10,000,000"
14, Steven Stamkos,TBL,28,"C, RW",Right,82,45,53,98,1.2,4,234,0.19,18:18,25.51,234,425,328,1.02,9.36,16.98,13.11,-,-,-,-,-,NMC,UFA,"$8,500,000","$9,500,000"
15, Leon Draisaitl,EDM,22,"C, LW, RW",Left,82,50,55,105,1.28,2,231,0.22,22:35,30.07,231,404,311,0.97,7.48,13.09,10.07,-,-,-,-,-,,UFA,"$8,500,000","$9,000,000"
16, Henrik Lundqvist,NYR,36,G,Left,52,-,-,-,-,-,-,-,-,-,-,-,-,-,-,-,-,18,23,0,3.07,0.907,NMC,UFA,"$8,500,000","$7,500,000"
17, Claude Giroux,PHI,30,"LW, C, RW",Right,82,22,63,85,1.04,9,229,0.1,21:27,18.26,229,419,317,0.62,7.81,14.29,10.81,-,-,-,-,-,NMC,UFA,"$8,275,000","$9,000,000"
18, Ryan Getzlaf,ANA,33,C,Right,67,14,34,48,0.72,-19,133,0.11,19:27,12.51,133,271,208,0.57,6.12,12.47,9.57,-,-,-,-,-,NMC,UFA,"$8,250,000","$8,950,000"
19, Jakub Voracek,PHI,28,"RW, LW",Left,78,20,46,66,0.85,-16,210,0.1,18:40,19.77,210,383,285,0.81,8.65,15.78,11.74,-,-,-,-,-,,UFA,"$8,250,000","$9,250,000"
20, Phil Kessel,ARI,30,RW,Right,82,27,55,82,1,-19,215,0.13,17:58,24.47,215,370,281,1,8.75,15.06,11.44,-,-,-,-,-,"M-NTC, NMC",UFA,"$8,000,000","$7,000,000"
21, Ryan Johansen,NSH,25,"C, RW",Right,80,14,50,64,0.8,7,136,0.1,19:33,15.74,136,225,174,0.6,5.22,8.63,6.67,-,-,-,-,-,,UFA,"$8,000,000","$8,000,000"
22, John Carlson,WSH,28,RD,Right,80,13,57,70,0.88,21,185,0.07,25:03:00,11.08,185,397,267,0.33,5.54,11.88,7.99,-,-,-,-,-,M-NTC,UFA,"$8,000,000","$12,000,000"
23, Brent Burns,SJS,33,RD,Right,82,16,67,83,1.01,13,300,0.05,25:05:00,14.32,300,689,435,0.42,8.75,20.09,12.68,-,-,-,-,-,M-NTC,UFA,"$8,000,000","$10,000,000"
24, Victor Hedman,TBL,27,LD,Left,70,12,42,54,0.77,24,182,0.07,22:46,11.01,182,328,254,0.41,6.85,12.35,9.56,-,-,-,-,-,NMC,UFA,"$7,875,000","$8,000,000"
25, Shea Weber,MTL,32,RD,Right,58,14,19,33,0.57,15,166,0.08,23:29,6.98,166,339,251,0.31,7.32,14.95,11.07,-,-,-,-,-,,UFA,"$7,857,143","$6,000,000"
26, Evgeny Kuznetsov,WSH,26,C,Left,76,21,51,72,0.95,7,193,0.11,18:47,23.26,193,335,280,0.98,8.11,14.07,11.76,-,-,-,-,-,,UFA,"$7,800,000","$10,000,000"
27, Zach Parise,MIN,33,LW,Left,74,28,33,61,0.82,-2,229,0.12,18:40,28.03,229,345,290,1.22,9.94,14.98,12.6,-,-,-,-,-,NMC,UFA,"$7,538,461","$9,000,000"
28, Ryan Suter,MIN,33,LD,Left,82,7,40,47,0.57,-8,136,0.05,26:41:00,6.76,136,318,209,0.19,3.73,8.72,5.73,-,-,-,-,-,NMC,UFA,"$7,538,461","$9,000,000"
29, Jason Spezza,TOR,35,"C, RW",Right,76,8,19,27,0.36,-13,121,0.07,13:16,10.63,121,215,164,0.63,7.2,12.79,9.76,-,-,-,-,-,"M-NTC, NMC",UFA,"$7,500,000","$7,500,000"
30, Aaron Ekblad,FLA,22,RD,Right,82,13,24,37,0.45,1,180,0.07,23:38,9.31,180,315,230,0.28,5.57,9.75,7.12,-,-,-,-,-,,UFA,"$7,500,000","$7,000,000"
31, Vladimir Tarasenko,STL,26,RW,Left,76,33,35,68,0.89,8,275,0.12,18:23,28.31,275,491,356,1.22,11.81,21.09,15.29,-,-,-,-,-,,UFA,"$7,500,000","$7,000,000"
32, Ryan O'Reilly,STL,27,C,Left,82,28,49,77,0.94,22,234,0.12,20:45,27.34,234,368,305,0.96,8.25,12.98,10.75,-,-,-,-,-,,UFA,"$7,500,000","$8,500,000"
33, Sergei Bobrovsky,FLA,29,G,Left,62,-,-,-,-,-,-,-,-,-,-,-,-,-,-,-,-,37,24,9,2.58,0.913,NMC,UFA,"$7,425,000","$6,200,000"
34, Mark Stone,VGK,26,RW,Right,77,33,40,73,0.95,17,199,0.17,19:53,23.42,199,345,274,0.92,7.8,13.52,10.74,-,-,-,-,-,,UFA,"$7,350,000","$7,350,000"
35, Kris Letang,PIT,31,RD,Right,65,16,40,56,0.86,13,206,0.08,25:57:00,10.39,206,379,265,0.37,7.33,13.48,9.42,-,-,-,-,-,"M-NTC, NMC",UFA,"$7,250,000","$7,250,000"
36, David Krejci,BOS,32,C,Right,81,20,53,73,0.9,7,139,0.14,17:40,14.32,139,241,203,0.6,5.82,10.1,8.51,-,-,-,-,-,NMC,UFA,"$7,250,000","$7,500,000"
37, James van Riemsdyk,PHI,29,LW,Left,66,27,21,48,0.73,-10,167,0.16,16:36,19.93,167,262,206,1.09,9.14,14.35,11.28,-,-,-,-,-,,UFA,"$7,000,000","$8,000,000"
38, Drew Doughty,LAK,28,RD,Right,82,8,37,45,0.55,-34,154,0.05,26:35:00,8.01,154,318,218,0.22,4.24,8.76,6,-,-,-,-,-,NMC,UFA,"$7,000,000","$7,650,000"
39, Marc-Édouard Vlasic,SJS,31,LD,Left,72,3,22,25,0.35,-6,100,0.03,21:02,5.41,100,236,152,0.21,3.96,9.35,6.02,-,-,-,-,-,NMC,UFA,"$7,000,000","$7,250,000"
40, Pekka Rinne,NSH,35,G,Left,56,-,-,-,-,-,-,-,-,-,-,-,-,-,-,-,-,30,19,4,2.42,0.918,"M-NTC, NMC",UFA,"$7,000,000","$7,000,000"
41, Tuukka Rask,BOS,31,G,Left,46,-,-,-,-,-,-,-,-,-,-,-,-,-,-,-,-,27,13,4,2.48,0.912,M-NTC,UFA,"$7,000,000","$7,000,000"
42, Evander Kane,SJS,26,LW,Left,75,30,26,56,0.75,-4,268,0.11,18:24,27.17,268,446,351,1.18,11.65,19.38,15.25,-,-,-,-,-,M-NTC,UFA,"$7,000,000","$9,000,000"
43, Ryan Kesler,ANA,33,"C, RW",Right,60,5,3,8,0.13,-19,86,0.06,16:29,9.19,86,149,123,0.56,5.21,9.02,7.46,-,-,-,-,-,NMC,UFA,"$6,875,000","$6,675,000"
44, Patrice Bergeron,BOS,32,C,Right,65,32,47,79,1.22,23,205,0.16,18:28,26.51,205,369,299,1.33,10.25,18.44,14.95,-,-,-,-,-,NMC,UFA,"$6,875,000","$6,875,000"
45, Brent Seabrook,CHI,33,RD,Right,78,5,23,28,0.36,-6,165,0.03,19:05,6.66,165,303,206,0.27,6.65,12.21,8.3,-,-,-,-,-,NMC,UFA,"$6,875,000","$9,000,000"
46, Johnny Gaudreau,CGY,24,LW,Left,82,36,63,99,1.21,18,245,0.15,20:04,28.23,245,436,338,1.03,8.93,15.89,12.32,-,-,-,-,-,,UFA,"$6,750,000","$6,750,000"
47, Mark Giordano,CGY,34,LD,Left,78,17,57,74,0.95,39,221,0.08,24:14:00,12.34,221,490,334,0.39,7.01,15.55,10.6,-,-,-,-,-,NTC,UFA,"$6,750,000","$6,750,000"
48, Nicklas Bäckström,WSH,30,C,Left,80,22,52,74,0.93,2,169,0.13,19:57,18.97,169,287,226,0.71,6.35,10.79,8.5,-,-,-,-,-,M-NTC,UFA,"$6,700,000","$7,500,000"
49, David Pastrnak,BOS,22,RW,Right,66,38,43,81,1.23,6,235,0.16,18:45,24.59,235,431,339,1.19,11.39,20.89,16.43,-,-,-,-,-,,UFA,"$6,666,666","$8,000,000"
50, Jimmy Schuldt,VGK,23,LD,Left,1,0,1,1,1,-1,1,0,21:03,0.03,1,2,2,0.09,2.85,5.7,5.7,-,-,-,-,-,,10.2(c),"$6,567,500","$925,000"
51, Cam Fowler,ANA,26,LD,Left,59,5,18,23,0.39,-14,88,0.06,23:22,4.67,88,207,119,0.2,3.83,9.01,5.18,-,-,-,-,-,M-NTC,UFA,"$6,500,000","$7,500,000"
52, Erik Karlsson,SJS,28,RD,Right,53,3,42,45,0.85,6,169,0.02,24:29:00,7.56,169,389,250,0.35,7.81,17.98,11.56,-,-,-,-,-,M-NTC,UFA,"$6,500,000","$7,500,000"
53, Derek Stepan,ARI,28,C,Right,72,15,20,35,0.49,-2,195,0.08,19:13,17.91,195,310,250,0.78,8.44,13.44,10.84,-,-,-,-,-,,UFA,"$6,500,000","$6,000,000"
54, Paul Stastny,VGK,32,C,Left,50,13,29,42,0.84,14,103,0.13,18:06,15.73,103,161,142,1.04,6.83,10.67,9.41,-,-,-,-,-,M-NTC,UFA,"$6,500,000","$7,500,000"
55, Alex Pietrangelo,STL,28,RD,Right,71,13,28,41,0.58,2,168,0.08,24:04:00,10.11,168,357,233,0.36,5.9,12.53,8.18,-,-,-,-,-,NTC,UFA,"$6,500,000","$7,000,000"
56, Sean Monahan,CGY,23,C,Left,78,34,48,82,1.05,7,211,0.16,19:03,31.81,211,359,278,1.28,8.52,14.49,11.22,-,-,-,-,-,,UFA,"$6,375,000","$6,750,000"
57, Keith Yandle,FLA,31,LD,Left,82,9,53,62,0.76,-17,199,0.05,22:26,8.67,199,408,279,0.28,6.49,13.3,9.1,-,-,-,-,-,NMC,UFA,"$6,350,000","$7,500,000"
58, Nathan MacKinnon,COL,22,"C, RW",Right,82,41,58,99,1.21,20,365,0.11,22:05,35.08,365,589,455,1.15,12.09,19.51,15.07,-,-,-,-,-,,UFA,"$6,300,000","$6,750,000"
59, Alexander Radulov,DAL,31,RW,Left,70,29,43,72,1.03,22,209,0.14,19:46,25.27,210,368,275,1.09,9.1,15.94,11.92,-,-,-,-,-,NMC,UFA,"$6,250,000","$8,000,000"
60, Connor Hellebuyck,WPG,25,G,Left,63,-,-,-,-,-,-,-,-,-,-,-,-,-,-,-,-,34,23,2,2.9,0.913,,UFA,"$6,166,666","$7,000,000"
61, Mark Scheifele,WPG,25,C,Right,82,38,46,84,1.02,8,199,0.19,21:51,28.74,199,335,273,0.96,6.66,11.21,9.14,-,-,-,-,-,,UFA,"$6,125,000","$6,750,000"
62, Brad Marchand,BOS,30,LW,Left,79,36,64,100,1.27,15,231,0.16,19:37,27.63,231,430,327,1.07,8.94,16.64,12.66,-,-,-,-,-,NMC,UFA,"$6,125,000","$8,000,000"
63, Braden Holtby,WSH,28,G,Left,59,-,-,-,-,-,-,-,-,-,-,-,-,-,-,-,-,32,19,3,2.82,0.911,M-NTC,UFA,"$6,100,000","$5,000,000"
64, Dylan Larkin,DET,21,"C, LW",Left,76,32,41,73,0.96,-6,287,0.11,21:50,28.42,287,494,382,1.03,10.37,17.86,13.81,-,-,-,-,-,,UFA,"$6,100,000","$6,750,000"
65, Henrik Zetterberg,DET,37,C,Left,0,0,0,0,0,0,0,0,,,,,,,,,,-,-,-,-,-,,UFA,"$6,083,333","$3,350,000"
66, Kyle Turris,NSH,28,C,Right,55,7,16,23,0.42,-6,78,0.09,15:41,6.68,78,146,114,0.46,5.42,10.15,7.93,-,-,-,-,-,,UFA,"$6,000,000","$6,000,000"
67, Taylor Hall,ARI,26,LW,Left,33,11,26,37,1.12,-6,113,0.1,19:41,12.08,113,207,153,1.12,10.44,19.12,14.13,-,-,-,-,-,,UFA,"$6,000,000","$6,000,000"
68, Jordan Eberle,NYI,28,RW,Right,78,19,18,37,0.47,-6,160,0.12,16:31,18.82,160,255,213,0.88,7.45,11.87,9.91,-,-,-,-,-,,UFA,"$6,000,000","$6,000,000"
69, Ryan Nugent-Hopkins,EDM,25,"C, LW",Left,82,28,41,69,0.84,-13,208,0.13,20:06,23.46,208,357,273,0.85,7.57,12.99,9.94,-,-,-,-,-,,UFA,"$6,000,000","$6,000,000"
70, Brandon Saad,CHI,25,"RW, LW",Left,80,23,24,47,0.59,-9,195,0.12,17:41,23.31,195,318,260,0.99,8.27,13.48,11.02,-,-,-,-,-,,UFA,"$6,000,000","$6,750,000"
71, Corey Crawford,CHI,33,G,Left,39,-,-,-,-,-,-,-,-,-,-,-,-,-,-,-,-,14,18,2,2.93,0.908,"M-NTC, NMC",UFA,"$6,000,000","$6,000,000"
72, David Backes,ANA,34,"C, RW",Right,70,7,13,20,0.29,0,129,0.05,13:02,10.34,129,199,167,0.68,8.49,13.09,10.99,-,-,-,-,-,NMC,UFA,"$6,000,000","$6,000,000"
73, Matt Duchene,NSH,27,"C, LW",Left,73,31,39,70,0.96,-3,172,0.18,18:49,21.67,172,275,227,0.95,7.51,12,9.91,-,-,-,-,-,,UFA,"$6,000,000","$6,500,000"
74, Joe Pavelski,DAL,33,"RW, C",Right,75,38,26,64,0.85,-4,188,0.2,19:02,27.53,188,297,251,1.15,7.9,12.48,10.54,-,-,-,-,-,M-NTC,UFA,"$6,000,000","$6,000,000"
75, Logan Couture,SJS,29,"C, LW",Left,81,27,43,70,0.86,-6,204,0.13,18:35,23.46,204,361,288,0.93,8.13,14.38,11.47,-,-,-,-,-,M-NTC,UFA,"$6,000,000","$6,000,000"
76, Erik Johnson,COL,30,RD,Right,80,7,18,25,0.31,8,144,0.05,21:48,6.31,144,283,190,0.22,4.95,9.73,6.53,-,-,-,-,-,"M-NTC, NMC",UFA,"$6,000,000","$6,000,000"
77, Filip Forsberg,NSH,23,LW,Right,64,28,22,50,0.78,8,217,0.13,18:36,25.04,217,435,318,1.26,10.93,21.91,16.01,-,-,-,-,-,,UFA,"$6,000,000","$6,000,000"
78, Jordan Staal,CAR,29,"C, LW",Left,50,11,17,28,0.56,6,121,0.09,18:17,15.87,121,197,159,1.04,7.94,12.93,10.44,-,-,-,-,-,NMC,UFA,"$6,000,000","$6,000,000"
79, Loui Eriksson,VAN,32,"LW, RW",Left,81,11,18,29,0.36,-11,107,0.1,14:03,13.03,107,170,145,0.69,5.64,8.94,7.64,-,-,-,-,-,NTC,UFA,"$6,000,000","$7,000,000"
80, Milan Lucic,CGY,30,LW,Left,79,6,14,20,0.25,-9,74,0.08,13:14,10.55,74,170,126,0.61,4.25,9.75,7.23,-,-,-,-,-,NMC,UFA,"$6,000,000","$7,000,000"
81, Kyle Okposo,BUF,30,RW,Right,78,14,15,29,0.37,-9,147,0.1,13:47,12.19,147,232,186,0.68,8.19,12.95,10.38,-,-,-,-,-,M-NTC,UFA,"$6,000,000","$6,000,000"
82, Johnny Boychuk,NYI,34,RD,Right,74,3,16,19,0.26,10,157,0.02,18:49,5.59,157,324,226,0.24,6.76,13.95,9.73,-,-,-,-,-,NMC,UFA,"$6,000,000","$6,500,000"
83, Matt Dumba,MIN,23,RD,Right,32,12,10,22,0.69,-5,93,0.13,23:22,5.73,93,200,130,0.46,7.46,16.04,10.43,-,-,-,-,-,,UFA,"$6,000,000","$5,200,000"
84, Cory Schneider,NJD,32,G,Left,26,-,-,-,-,-,-,-,-,-,-,-,-,-,-,-,-,6,13,1,3.06,0.903,NTC,UFA,"$6,000,000","$6,000,000"
85, Nikolaj Ehlers,WPG,22,"RW, LW",Left,62,21,16,37,0.6,2,158,0.13,15:45,14.81,159,266,207,0.91,9.76,16.32,12.71,-,-,-,-,-,,UFA,"$6,000,000","$6,250,000"
86, Artemi Panarin,NYR,26,LW,Right,79,28,59,87,1.1,14,191,0.15,19:51,18.09,191,359,257,0.69,7.31,13.73,9.83,-,-,-,-,-,,UFA,"$6,000,000","$6,000,000"
87, Jonathan Huberdeau,FLA,25,"LW, C",Left,82,30,62,92,1.12,-14,226,0.13,18:51,25.74,226,358,299,1,8.77,13.89,11.6,-,-,-,-,-,,UFA,"$5,900,000","$6,200,000"
88, Aleksander Barkov,FLA,22,C,Left,82,35,61,96,1.17,-3,206,0.17,22:21,24.72,206,318,277,0.81,6.74,10.41,9.07,-,-,-,-,-,,UFA,"$5,900,000","$6,250,000"
89, Semyon Varlamov,NYI,30,G,Left,49,-,-,-,-,-,-,-,-,-,-,-,-,-,-,-,-,20,19,2,2.87,0.909,,UFA,"$5,900,000","$5,500,000"
90, Dustin Brown,LAK,33,"RW, LW",Right,72,22,29,51,0.71,-17,180,0.12,20:24,18.22,180,296,231,0.74,7.35,12.09,9.43,-,-,-,-,-,M-NTC,UFA,"$5,875,000","$5,500,000"
91, Cam Atkinson,CBJ,29,"RW, LW",Right,80,41,28,69,0.86,3,295,0.14,19:22,32.93,295,487,411,1.27,11.42,18.85,15.91,-,-,-,-,-,NTC,UFA,"$5,875,000","$7,375,000"
92, Brandon Dubinsky,CBJ,32,"C, LW",Left,61,6,8,14,0.23,-16,63,0.1,12:21,7.33,63,96,77,0.57,5.01,7.64,6.13,-,-,-,-,-,"M-NTC, NMC",UFA,"$5,850,000","$5,850,000"
93, Ryan Callahan,-,33,RW,Right,52,7,10,17,0.33,7,76,0.09,11:08,7.75,76,111,96,0.8,7.87,11.5,9.94,-,-,-,-,-,"M-NTC, NMC",UFA,"$5,800,000","$4,700,000"
94, Jonathan Quick,LAK,32,G,Left,46,-,-,-,-,-,-,-,-,-,-,-,-,-,-,-,-,16,23,2,3.38,0.888,,UFA,"$5,800,000","$7,000,000"
95, Marc-André Fleury,VGK,33,G,Left,61,-,-,-,-,-,-,-,-,-,-,-,-,-,-,-,-,35,21,8,2.51,0.913,"M-NTC, NMC",UFA,"$5,750,000","$5,750,000"
96, Tyler Seguin,DAL,26,"C, RW",Right,82,33,47,80,0.98,17,334,0.1,20:44,35.99,334,566,432,1.27,11.78,19.96,15.24,-,-,-,-,-,NMC,UFA,"$5,750,000","$6,500,000"
97, Martin Jones,SJS,28,G,Left,62,-,-,-,-,-,-,-,-,-,-,-,-,-,-,-,-,36,19,3,2.94,0.896,M-NTC,UFA,"$5,750,000","$6,750,000"
98, Matt Niskanen,PHI,31,RD,Right,80,8,17,25,0.31,-3,143,0.06,21:55,4.88,143,256,185,0.17,4.88,8.75,6.33,-,-,-,-,-,M-NTC,UFA,"$5,750,000","$5,750,000"
99,T.J. Oshie,WSH,31,RW,Right,69,25,29,54,0.78,5,143,0.17,18:36,20.32,144,263,219,0.95,6.73,12.29,10.23,-,-,-,-,-,M-NTC,UFA,"$5,750,000","$7,500,000"
100, Alexander Steen,STL,34,"LW, RW, C",Left,65,10,17,27,0.42,2,114,0.09,15:50,10.19,114,186,146,0.59,6.64,10.84,8.51,-,-,-,-,-,NTC,UFA,"$5,750,000","$7,000,000"
101, James Neal,EDM,30,"RW, LW",Left,63,7,12,19,0.3,-5,141,0.05,14:57,13.43,141,235,192,0.86,8.98,14.96,12.22,-,-,-,-,-,,UFA,"$5,750,000","$5,750,000"
102, Dougie Hamilton,CAR,25,RD,Right,82,18,21,39,0.48,0,259,0.07,19:40,14.4,259,542,367,0.54,9.63,20.16,13.65,-,-,-,-,-,,UFA,"$5,750,000","$5,750,000"
103, Mikael Granlund,NSH,26,"C, RW",Left,79,16,38,54,0.68,-8,189,0.08,18:20,16.95,189,329,252,0.7,7.83,13.62,10.43,-,-,-,-,-,,UFA,"$5,750,000","$5,500,000"
104, Travis Zajac,NJD,33,C,Right,80,19,27,46,0.58,-25,120,0.16,19:16,15.58,120,197,156,0.61,4.67,7.67,6.07,-,-,-,-,-,NTC,UFA,"$5,750,000","$6,500,000"
105, Jeff Skinner,BUF,26,"LW, RW",Left,82,40,23,63,0.77,0,268,0.15,18:31,30.42,268,431,355,1.2,10.59,17.03,14.03,-,-,-,-,-,NMC,UFA,"$5,725,000","$6,000,000"
106, Marc Staal,NYR,31,LD,Left,79,3,10,13,0.16,-9,84,0.04,19:25,3.67,84,170,108,0.14,3.29,6.65,4.22,-,-,-,-,-,NMC,UFA,"$5,700,000","$6,000,000"
107, Mike Smith,EDM,36,G,Left,42,-,-,-,-,-,-,-,-,-,-,-,-,-,-,-,-,23,16,2,2.73,0.898,M-NTC,UFA,"$5,666,667","$5,000,000"
108, Tomas Hertl,SJS,24,"C, RW",Left,77,35,39,74,0.96,5,176,0.2,19:01,27.99,176,309,250,1.14,7.21,12.66,10.24,-,-,-,-,-,,UFA,"$5,625,000","$6,000,000"
109, Blake Wheeler,WPG,31,"RW, C",Right,82,20,71,91,1.11,0,231,0.09,20:42,21.56,231,378,304,0.76,8.16,13.36,10.74,-,-,-,-,-,M-NTC,UFA,"$5,600,000","$5,800,000"
110, Jason Pominville,-,35,RW,Right,73,16,15,31,0.42,-4,134,0.12,12:27,12.6,134,198,168,0.83,8.84,13.06,11.08,-,-,-,-,-,"M-NTC, NMC",UFA,"$5,600,000","$5,000,000"
111, Gabriel Landeskog,COL,25,LW,Left,73,34,41,75,1.03,17,243,0.14,21:08,27,243,363,320,1.05,9.44,14.11,12.44,-,-,-,-,-,M-NTC,UFA,"$5,571,429","$6,000,000"
112, Duncan Keith,CHI,34,LD,Left,82,6,34,40,0.49,13,141,0.04,23:01,6.05,141,282,187,0.19,4.48,8.96,5.94,-,-,-,-,-,NMC,UFA,"$5,538,462","$4,500,000"
113, Jeff Petry,MTL,30,RD,Right,82,13,33,46,0.56,-5,172,0.08,23:07,9.77,172,437,281,0.31,5.45,13.84,8.9,-,-,-,-,-,"M-NTC, NMC",UFA,"$5,500,000","$5,000,000"
114, Andrew Ladd,NYI,32,LW,Left,26,3,8,11,0.42,3,34,0.09,13:50,3.01,34,55,42,0.5,5.67,9.17,7,-,-,-,-,-,NTC,UFA,"$5,500,000","$6,000,000"
115, Jacob Trouba,NYR,24,RD,Right,82,8,42,50,0.61,8,162,0.05,22:52,8.23,162,367,251,0.26,5.18,11.74,8.02,-,-,-,-,-,,RFA,"$5,500,000","$5,500,000"
116, Tyler Myers,VAN,28,RD,Right,80,9,22,31,0.39,11,156,0.06,20:20,8.36,156,301,213,0.31,5.75,11.1,7.85,-,-,-,-,-,,UFA,"$5,500,000","$3,000,000"
117, Jonathan Drouin,MTL,23,LW,Left,81,18,35,53,0.65,-8,190,0.09,16:55,16.38,190,325,247,0.72,8.31,14.22,10.81,-,-,-,-,-,,UFA,"$5,500,000","$5,500,000"
118, Justin Schultz,PIT,27,RD,Right,29,2,13,15,0.52,0,47,0.04,20:30,2.68,47,99,73,0.27,4.74,9.99,7.37,-,-,-,-,-,M-NTC,UFA,"$5,500,000","$5,000,000"
119, Nick Foligno,CBJ,30,"LW, C, RW",Left,73,17,18,35,0.48,12,141,0.12,17:42,16.88,141,219,184,0.78,6.55,10.17,8.53,-,-,-,-,-,NMC,UFA,"$5,500,000","$5,500,000"
120, Dave Bolland,-,32,C,Right,0,0,0,0,0,0,0,0,,,,,,,,,,-,-,-,-,-,M-NTC,UFA,"$5,500,000","$5,500,000"
121, Colton Parayko,STL,25,RD,Right,80,10,18,28,0.35,20,176,0.06,22:47,6.94,176,352,256,0.23,5.79,11.59,8.43,-,-,-,-,-,,UFA,"$5,500,000","$6,500,000"
122, Oliver Ekman-Larsson,ARI,26,LD,Left,81,14,30,44,0.54,-16,176,0.08,23:38,10.41,176,430,279,0.33,5.52,13.48,8.74,-,-,-,-,-,,UFA,"$5,500,000","$7,000,000"
123, Tyson Barrie,TOR,26,RD,Right,78,14,45,59,0.76,-3,218,0.06,21:46,10.56,218,441,298,0.37,7.7,15.58,10.53,-,-,-,-,-,,UFA,"$5,500,000","$5,750,000"
124, Nick Leddy,NYI,27,LD,Left,82,4,22,26,0.32,0,116,0.03,21:33,6.51,116,260,170,0.22,3.94,8.83,5.77,-,-,-,-,-,,UFA,"$5,500,000","$5,500,000"
125, Mikko Koivu,MIN,35,C,Left,48,8,21,29,0.6,-2,89,0.09,18:17,9.86,89,154,124,0.67,6.08,10.52,8.47,-,-,-,-,-,NMC,UFA,"$5,500,000","$6,000,000"
126, Jason Zucker,PIT,26,"LW, RW",Left,81,21,21,42,0.52,-9,214,0.1,17:04,23.83,214,398,318,1.03,9.27,17.26,13.79,-,-,-,-,-,,UFA,"$5,500,000","$5,000,000"
127, Bo Horvat,VAN,23,C,Left,82,27,34,61,0.74,-4,227,0.12,20:50,26.38,227,355,292,0.93,7.98,12.47,10.26,-,-,-,-,-,,UFA,"$5,500,000","$7,000,000"
128, Alex Goligoski,ARI,32,LD/RD,Left,76,3,24,27,0.36,-7,102,0.03,20:49,4.08,102,231,144,0.15,3.87,8.76,5.46,-,-,-,-,-,NMC,UFA,"$5,475,000","$6,100,000"
129, Jay Bouwmeester,-,34,LD,Left,78,3,14,17,0.22,-3,82,0.04,20:43,3.93,82,168,113,0.15,3.04,6.23,4.19,-,-,-,-,-,NTC,UFA,"$5,400,000","$5,400,000"
130, Seth Jones,CBJ,23,RD,Right,75,9,37,46,0.61,1,184,0.05,25:49:00,10.25,184,377,277,0.32,5.7,11.68,8.58,-,-,-,-,-,,UFA,"$5,400,000","$5,400,000"
131, Rasmus Ristolainen,BUF,23,RD,Right,78,5,38,43,0.55,-41,182,0.03,24:38:00,8.72,182,332,245,0.27,5.68,10.36,7.65,-,-,-,-,-,,UFA,"$5,400,000","$5,400,000"
132, Mike Green,-,32,RD,Right,43,5,21,26,0.6,-1,92,0.05,21:40,5.09,92,174,133,0.33,5.92,11.2,8.56,-,-,-,-,-,NTC,UFA,"$5,375,000","$5,500,000"
133, Mika Zibanejad,NYR,25,C,Right,82,30,44,74,0.9,-12,236,0.13,20:33,22.43,236,392,316,0.8,8.4,13.95,11.25,-,-,-,-,-,,UFA,"$5,350,000","$5,500,000"
134, Mikael Backlund,CGY,29,C,Left,77,21,26,47,0.61,34,205,0.1,17:53,23.99,205,340,268,1.04,8.93,14.81,11.67,-,-,-,-,-,NTC,UFA,"$5,350,000","$5,850,000"
135, Jaden Schwartz,STL,26,LW,Left,69,11,25,36,0.52,-6,183,0.06,18:07,20.07,183,321,253,0.96,8.78,15.41,12.15,-,-,-,-,-,,UFA,"$5,350,000","$6,250,000"
136, Roberto Luongo,-,39,G,Left,43,-,-,-,-,-,-,-,-,-,-,-,-,-,-,-,-,18,16,1,3.12,0.899,M-NTC,UFA,"$5,333,333","$3,382,000"
137, Nathan Horton,-,33,RW,Right,0,0,0,0,0,0,0,0,,,,,,,,,,-,-,-,-,-,"M-NTC, NMC",UFA,"$5,300,000","$4,500,000"
138, Patric Hörnqvist,FLA,31,RW,Right,69,18,19,37,0.54,-3,197,0.09,15:28,23.55,197,302,250,1.32,11.07,16.97,14.05,-,-,-,-,-,NTC,UFA,"$5,300,000","$5,300,000"
139, Ondrej Palat,TBL,27,"RW, LW",Left,64,8,26,34,0.53,4,100,0.08,14:53,11.03,100,184,135,0.69,6.3,11.59,8.5,-,-,-,-,-,NTC,UFA,"$5,300,000","$6,855,000"
140, Tomas Tatar,MTL,27,"LW, RW",Left,80,25,33,58,0.73,21,195,0.13,16:24,21.29,195,340,262,0.97,8.92,15.55,11.98,-,-,-,-,-,,UFA,"$5,300,000","$5,500,000"
141, Jaccob Slavin,CAR,24,LD,Left,82,8,23,31,0.38,0,146,0.05,23:02,8.92,146,304,211,0.28,4.63,9.66,6.7,-,-,-,-,-,,UFA,"$5,300,000","$5,500,000"
142, Bryan Little,WPG,30,"C, RW",Right,82,15,26,41,0.5,-12,126,0.12,15:49,12.32,126,197,164,0.56,5.82,9.1,7.58,-,-,-,-,-,NMC,UFA,"$5,291,666","$6,500,000"
143, Jimmy Howard,DET,34,G,Left,55,-,-,-,-,-,-,-,-,-,-,-,-,-,-,-,-,23,22,0,3.07,0.909,,UFA,"$5,291,666","$4,250,000"
144, Marián Hossa,ARI,39,RW,Left,0,0,0,0,0,0,0,0,,,,,,,,,,-,-,-,-,-,NMC,UFA,"$5,275,000","$1,000,000"
145, Jeff Carter,LAK,33,"C, RW",Right,76,13,20,33,0.43,-20,174,0.07,18:09,20.77,174,329,259,0.9,7.57,14.3,11.26,-,-,-,-,-,,UFA,"$5,272,727","$5,000,000"
146, William Karlsson,VGK,25,C,Left,82,24,32,56,0.68,1,169,0.14,18:50,20.88,169,316,244,0.81,6.56,12.27,9.47,-,-,-,-,-,,RFA,"$5,250,000","$5,250,000"
147, David Clarkson,-,34,RW,Right,0,0,0,0,0,0,0,0,,,,,,,,,,-,-,-,-,-,"M-NTC, NMC",UFA,"$5,250,000","$4,750,000"
148,J.T.Miller,VAN,25,LW,Left,75,13,34,47,0.63,8,108,0.12,14:39,12.25,108,192,159,0.67,5.89,10.47,8.67,-,-,-,-,-,,UFA,"$5,250,000","$5,250,000"
149, Torey Krug,BOS,27,LD,Left,64,6,47,53,0.83,-2,151,0.04,21:18,7.64,151,318,225,0.34,6.65,14,9.91,-,-,-,-,-,M-NTC,UFA,"$5,250,000","$5,500,000"
150, Frans Nielsen,DET,34,C,Left,72,10,25,35,0.49,-7,120,0.08,16:40,9.81,120,185,148,0.49,6,9.24,7.39,-,-,-,-,-,M-NTC,UFA,"$5,250,000","$6,000,000"
151, Nino Niederreiter,CAR,25,"LW, RW",Left,82,23,30,53,0.65,-4,184,0.13,16:13,22.64,184,326,256,1.02,8.3,14.7,11.54,-,-,-,-,-,,UFA,"$5,250,000","$6,075,000"
152, Brady Skjei,CAR,24,LD,Left,78,8,17,25,0.32,-4,126,0.06,21:14,6.18,126,229,169,0.22,4.55,8.3,6.12,-,-,-,-,-,,UFA,"$5,250,000","$5,700,000"
153, Hampus Lindholm,ANA,24,LD,Left,76,6,22,28,0.37,-5,125,0.05,23:59,8.43,125,269,179,0.28,4.11,8.85,5.89,-,-,-,-,-,,UFA,"$5,205,556","$6,750,000"
154, Shea Theodore,VGK,22,LD/RD,Left,79,12,25,37,0.47,-4,202,0.06,20:06,10.49,202,421,277,0.4,7.64,15.91,10.47,-,-,-,-,-,,UFA,"$5,200,000","$5,200,000"
155, Mike Hoffman,FLA,28,"RW, LW",Left,82,36,34,70,0.85,-24,253,0.14,17:50,22.06,253,441,333,0.9,10.38,18.09,13.66,-,-,-,-,-,M-NTC,UFA,"$5,187,500","$5,650,000"
156, Jared Spurgeon,MIN,28,RD,Right,82,14,29,43,0.52,-1,152,0.09,24:08:00,8.59,152,304,212,0.26,4.61,9.21,6.42,-,-,-,-,-,M-NTC,UFA,"$5,187,500","$5,500,000"
157, Kevin Hayes,PHI,26,C,Left,71,19,36,55,0.77,-2,156,0.12,18:17,20.52,156,298,216,0.95,7.21,13.78,9.99,-,-,-,-,-,,UFA,"$5,175,000","$5,175,000"
158, Tom Wilson,WSH,24,RW,Right,63,22,18,40,0.63,11,130,0.17,18:08,17.88,130,229,189,0.94,6.82,12.02,9.92,-,-,-,-,-,,UFA,"$5,166,666","$6,100,000"
159, Brogan Rafferty,VAN,23,RD,Right,2,0,0,0,0,-1,3,0,13:21,0.04,3,4,3,0.09,6.74,8.99,6.74,-,-,-,-,-,,10.2(c),"$5,133,750","$925,000"
160, Brayden Schenn,STL,26,"C, LW",Left,72,17,37,54,0.75,3,159,0.11,18:35,24.73,159,263,226,1.11,7.13,11.8,10.14,-,-,-,-,-,,UFA,"$5,125,000","$5,000,000"
161, Dmitry Orlov,WSH,26,RD,Left,82,3,26,29,0.35,3,101,0.03,21:38,5.31,101,232,150,0.18,3.42,7.85,5.07,-,-,-,-,-,,UFA,"$5,100,000","$6,500,000"
162, Frederik Andersen,TOR,28,G,Left,60,-,-,-,-,-,-,-,-,-,-,-,-,-,-,-,-,36,16,1,2.77,0.917,M-NTC,UFA,"$5,000,000","$5,000,000"
163, Tyler Bozak,STL,32,C,Right,72,13,25,38,0.53,-3,141,0.09,16:20,16.21,141,223,188,0.83,7.19,11.37,9.58,-,-,-,-,-,M-NTC,UFA,"$5,000,000","$5,500,000"
164, Morgan Rielly,TOR,24,LD,Left,82,20,52,72,0.88,24,223,0.09,23:07,9.82,223,490,309,0.31,7.06,15.51,9.77,-,-,-,-,-,,UFA,"$5,000,000","$5,000,000"
165, Tyler Johnson,TBL,27,"LW, C, RW",Right,80,29,18,47,0.59,15,163,0.18,15:56,19.66,163,268,220,0.92,7.67,12.6,10.35,-,-,-,-,-,NTC,UFA,"$5,000,000","$6,750,000"
166, Jonathan Marchessault,VGK,27,"LW, RW",Right,82,25,34,59,0.72,2,278,0.09,18:08,27.95,278,486,378,1.12,11.21,19.6,15.24,-,-,-,-,-,M-NTC,UFA,"$5,000,000","$7,000,000"
167, Derick Brassard,NYI,30,"LW, C",Left,70,14,9,23,0.33,-19,110,0.13,14:59,11.84,110,190,141,0.68,6.29,10.86,8.06,-,-,-,-,-,M-NTC,UFA,"$5,000,000","$3,500,000"
168, Alexander Edler,VAN,32,LD,Left,56,10,24,34,0.61,3,128,0.08,24:34:00,4.7,128,254,181,0.2,5.58,11.08,7.89,-,-,-,-,-,NTC,UFA,"$5,000,000","$4,500,000"
169, Joe Thornton,SJS,38,C,Left,73,16,35,51,0.7,8,90,0.18,15:32,11.86,90,149,117,0.63,4.76,7.88,6.18,-,-,-,-,-,NMC,UFA,"$5,000,000","$5,000,000"
170, Reilly Smith,VGK,27,"RW, LW",Left,74,19,34,53,0.72,13,178,0.11,18:16,23.41,178,302,239,1.04,7.9,13.4,10.61,-,-,-,-,-,M-NTC,UFA,"$5,000,000","$6,000,000"
171, Zdeno Chara,BOS,41,LD,Left,62,5,9,14,0.23,22,99,0.05,21:04,4.72,99,199,137,0.22,4.55,9.14,6.29,-,-,-,-,-,NMC,UFA,"$5,000,000","$5,000,000"
172, Matt Moulson,-,34,LW,Left,0,0,0,0,0,0,0,0,,,,,,,,,,-,-,-,-,-,M-NTC,UFA,"$5,000,000","$3,000,000"
173, Josh Bailey,NYI,28,"RW, LW",Left,82,16,40,56,0.68,8,126,0.13,16:49,13.48,126,221,162,0.59,5.48,9.61,7.04,-,-,-,-,-,,UFA,"$5,000,000","$7,000,000"
174, Andy Greene,NYI,35,LD/RD,Left,82,5,20,25,0.3,-9,104,0.05,20:50,5.09,104,207,154,0.18,3.65,7.27,5.41,-,-,-,-,-,NTC,UFA,"$5,000,000","$5,000,000"
175, Danny DeKeyser,DET,28,LD,Left,52,5,15,20,0.38,2,59,0.08,21:58,2.84,59,132,87,0.15,3.1,6.93,4.57,-,-,-,-,-,NTC,UFA,"$5,000,000","$5,500,000"
176, Noah Hanifin,CGY,21,LD,Left,80,5,28,33,0.41,18,116,0.04,20:46,6.67,116,243,168,0.24,4.19,8.77,6.07,-,-,-,-,-,,UFA,"$4,950,000","$4,950,000"
177, Ben Bishop,DAL,31,G,Left,46,-,-,-,-,-,-,-,-,-,-,-,-,-,-,-,-,27,15,7,1.98,0.934,NMC,UFA,"$4,916,666","$6,500,000"
178, Marc Methot,-,33,LD,Left,9,0,0,0,0,-3,3,0,16:56,0.11,3,6,5,0.04,1.18,2.36,1.97,-,-,-,-,-,M-NTC,UFA,"$4,900,000","$4,900,000"
179, Alexander Wennberg,CBJ,23,C,Left,75,2,23,25,0.33,-1,64,0.03,15:04,7.08,64,111,90,0.38,3.4,5.89,4.78,-,-,-,-,-,,UFA,"$4,900,000","$4,500,000"
180, Alex Galchenyuk,MIN,24,"LW, C, RW",Left,72,19,22,41,0.57,-19,159,0.12,15:43,18.82,159,288,229,1,8.42,15.26,12.13,-,-,-,-,-,,UFA,"$4,900,000","$4,900,000"
181, Sami Vatanen,CAR,27,LD/RD,Right,50,4,13,17,0.34,-17,107,0.04,21:43,4.04,107,204,137,0.22,5.91,11.27,7.57,-,-,-,-,-,,UFA,"$4,875,000","$5,000,000"
182, Marián Gáborík,OTT,36,RW,Left,0,0,0,0,0,0,0,0,,,,,,,,,,-,-,-,-,-,,UFA,"$4,875,000","$4,575,000"
183, Michael Matheson,PIT,24,LD,Left,75,8,19,27,0.36,-24,129,0.06,22:19,5.53,129,235,161,0.2,4.62,8.42,5.77,-,-,-,-,-,,UFA,"$4,875,000","$3,500,000"
184, Elias Lindholm,CGY,23,"RW, C",Right,81,27,51,78,0.96,30,182,0.15,20:02,21.44,182,311,246,0.79,6.73,11.5,9.09,-,-,-,-,-,,UFA,"$4,850,000","$4,850,000"
185, Justin Faulk,STL,26,LD/RD,Right,82,11,24,35,0.43,9,217,0.05,22:25,12.69,217,439,306,0.41,7.08,14.32,9.99,-,-,-,-,-,M-NTC,UFA,"$4,833,333","$6,000,000"
186, Nikita Kucherov,TBL,25,RW,Left,82,41,87,128,1.56,24,246,0.17,19:57,24.88,246,499,363,0.91,9.02,18.29,13.3,-,-,-,-,-,,RFA,"$4,766,667","$5,550,000"
187, Craig Anderson,OTT,37,G,Left,50,-,-,-,-,-,-,-,-,-,-,-,-,-,-,-,-,17,27,2,3.51,0.903,M-NTC,UFA,"$4,750,000","$5,500,000"
188, Vincent Trocheck,CAR,24,"C, RW",Right,55,10,24,34,0.62,-9,158,0.06,19:39,13.95,158,281,235,0.77,8.77,15.59,13.04,-,-,-,-,-,,UFA,"$4,750,000","$5,250,000"
189, Martin Hanzal,-,31,C,Left,7,1,1,2,0.29,-4,14,0.07,12:51,1.27,14,19,16,0.85,9.33,12.66,10.66,-,-,-,-,-,M-NTC,UFA,"$4,750,000","$5,000,000"
190, Carl Söderberg,ARI,32,"C, LW",Left,82,23,26,49,0.6,-5,188,0.12,17:26,21.06,188,314,242,0.88,7.88,13.17,10.15,-,-,-,-,-,M-NTC,UFA,"$4,750,000","$5,000,000"
191, Niklas Kronwall,-,37,LD,Left,79,3,24,27,0.34,-5,71,0.04,19:57,2.98,71,124,86,0.11,2.7,4.72,3.27,-,-,-,-,-,M-NTC,UFA,"$4,750,000","$1,750,000"
192, Gustav Nyquist,CBJ,28,"RW, LW",Left,81,22,38,60,0.74,1,204,0.11,17:31,20.59,204,350,273,0.87,8.63,14.8,11.54,-,-,-,-,-,NTC,UFA,"$4,750,000","$5,500,000"
193, Ryan McDonagh,TBL,29,LD,Left,82,9,37,46,0.56,38,128,0.07,22:05,7.02,128,243,173,0.23,4.24,8.05,5.73,-,-,-,-,-,M-NTC,UFA,"$4,700,000","$5,300,000"
194, Jori Lehterä,-,30,"LW, C",Left,27,1,2,3,0.11,-7,17,0.06,9:06,1.18,17,23,18,0.28,4.15,5.61,4.38,-,-,-,-,-,,UFA,"$4,700,000","$5,000,000"
195, TJ Brodie,CGY,28,RD,Left,79,9,25,34,0.43,29,102,0.09,21:28,6.04,102,233,147,0.21,3.61,8.24,5.2,-,-,-,-,-,M-NTC,UFA,"$4,650,400","$4,838,000"
196, Kyle Palmieri,NJD,27,"RW, LW",Right,74,27,23,50,0.68,-9,224,0.12,18:09,21.2,224,383,300,0.95,10,17.1,13.4,-,-,-,-,-,M-NTC,UFA,"$4,650,000","$5,000,000"
197, Clarke MacArthur,-,33,LW,Left,0,0,0,0,0,0,0,0,,,,,,,,,,-,-,-,-,-,M-NTC,UFA,"$4,650,000","$4,750,000"
198, Chris Kreider,NYR,27,LW,Left,79,28,24,52,0.66,4,201,0.14,17:24,26.4,201,323,279,1.14,8.77,14.09,12.17,-,-,-,-,-,M-NTC,UFA,"$4,625,000","$4,500,000"
199, Karl Alzner,MTL,29,LD,Left,9,0,1,1,0.11,1,8,0,17:18,0.17,8,19,12,0.07,3.08,7.32,4.62,-,-,-,-,-,M-NTC,UFA,"$4,625,000","$6,000,000"
200, Tyler Toffoli,VAN,26,"RW, LW",Right,82,13,21,34,0.41,-16,226,0.06,17:12,24.38,226,402,307,1.04,9.61,17.09,13.05,-,-,-,-,-,,UFA,"$4,600,000","$4,600,000"
201, Marcus Johansson,MIN,27,"C, LW, RW",Left,58,13,17,30,0.52,-16,115,0.11,15:55,11.7,115,187,149,0.76,7.47,12.15,9.68,-,-,-,-,-,M-NTC,UFA,"$4,583,333","$4,750,000"
202, Artem Anisimov,OTT,30,"C, LW",Left,78,15,22,37,0.47,-2,142,0.11,16:20,19.32,142,272,205,0.91,6.68,12.8,9.65,-,-,-,-,-,M-NTC,UFA,"$4,550,000","$5,000,000"
203, Calvin De Haan,CHI,27,LD/RD,Left,74,1,13,14,0.19,1,102,0.01,18:30,4.76,102,283,175,0.21,4.47,12.4,7.67,-,-,-,-,-,,UFA,"$4,550,000","$4,000,000"
204, Nazem Kadri,COL,27,C,Left,73,16,28,44,0.6,-2,184,0.09,16:11,22.93,184,366,287,1.15,9.34,18.57,14.57,-,-,-,-,-,M-NTC,UFA,"$4,500,000","$4,500,000"
205, Anton Strålman,FLA,31,RD,Right,47,2,15,17,0.36,12,57,0.04,20:31,1.92,57,121,78,0.12,3.55,7.53,4.84,-,-,-,-,-,M-NTC,UFA,"$4,500,000","$4,500,000"
206, Jason Demers,ARI,30,RD,Right,35,2,6,8,0.23,9,39,0.05,19:59,1.46,39,81,57,0.13,3.34,6.95,4.88,-,-,-,-,-,M-NTC,UFA,"$4,500,000","$4,400,000"
207, Mats Zuccarello,MIN,30,"LW, RW",Left,48,12,28,40,0.83,-8,104,0.12,19:51,11.47,104,182,147,0.72,6.55,11.46,9.26,-,-,-,-,-,,UFA,"$4,500,000","$4,500,000"
208, Justin Williams,CAR,36,RW,Right,82,23,30,53,0.65,-4,237,0.1,17:26,28.74,237,377,317,1.21,9.94,15.81,13.3,-,-,-,-,-,M-NTC,UFA,"$4,500,000","$4,000,000"
209, Max Pacioretty,VGK,29,LW,Left,66,22,18,40,0.61,-13,191,0.12,17:00,20.81,191,335,261,1.11,10.21,17.91,13.96,-,-,-,-,-,,UFA,"$4,500,000","$5,000,000"
210, Shayne Gostisbehere,PHI,25,LD,Left,78,9,28,37,0.47,-20,180,0.05,19:39,10.02,180,375,246,0.39,7.04,14.67,9.63,-,-,-,-,-,,UFA,"$4,500,000","$6,000,000"
211, Nikita Zaitsev,OTT,26,RD,Right,81,3,11,14,0.17,2,71,0.04,20:28,2.64,71,229,122,0.1,2.57,8.28,4.41,-,-,-,-,-,,UFA,"$4,500,000","$4,500,000"
212, Alex Killorn,TBL,28,LW,Left,82,18,22,40,0.49,22,153,0.12,14:52,16.3,153,287,213,0.8,7.53,14.12,10.48,-,-,-,-,-,NTC,UFA,"$4,450,000","$4,450,000"
213, Christopher Tanev,VAN,28,RD,Right,55,2,10,12,0.22,3,51,0.04,20:10,1.78,51,98,70,0.1,2.76,5.3,3.79,-,-,-,-,-,M-NTC,UFA,"$4,450,000","$5,000,000"
214, Brandon Sutter,VAN,29,"RW, C",Right,26,4,2,6,0.23,-12,43,0.09,17:28,3.52,43,74,58,0.47,5.68,9.77,7.66,-,-,-,-,-,NTC,UFA,"$4,375,000","$4,375,000"
215, Jake Allen,MTL,27,G,Left,46,-,-,-,-,-,-,-,-,-,-,-,-,-,-,-,-,19,17,3,2.83,0.905,,UFA,"$4,350,000","$4,350,000"
216, Brendan Smith,NYR,29,LD,Left,63,4,9,13,0.21,-7,66,0.06,15:17,5.17,66,147,98,0.32,4.11,9.15,6.1,-,-,-,-,-,M-NTC,UFA,"$4,350,000","$4,525,000"
217, Dmitry Kulikov,WPG,27,LD,Left,57,0,6,6,0.11,4,40,0,15:39,1.5,40,96,63,0.1,2.69,6.45,4.23,-,-,-,-,-,M-NTC,UFA,"$4,333,333","$4,333,333"
218, Sean Couturier,PHI,25,C,Left,80,33,43,76,0.95,2,223,0.15,22:07,27.75,223,385,318,0.94,7.56,13.05,10.78,-,-,-,-,-,,UFA,"$4,333,333","$4,250,000"
219, Devan Dubnyk,MIN,32,G,Left,67,-,-,-,-,-,-,-,-,-,-,-,-,-,-,-,-,31,28,2,2.54,0.913,M-NTC,UFA,"$4,333,333","$5,000,000"
220, Cody Ceci,TOR,24,RD,Right,74,7,19,26,0.35,-22,132,0.05,22:33,6.07,132,283,186,0.22,4.74,10.17,6.68,-,-,-,-,-,,RFA,"$4,300,000","$4,300,000"
221, Michael Frolík,BUF,30,"LW, RW",Left,65,16,18,34,0.52,24,132,0.12,13:21,13.8,132,217,177,0.95,9.11,14.99,12.23,-,-,-,-,-,M-NTC,UFA,"$4,300,000","$4,000,000"
222, Nico Sturm,MIN,23,C,Left,2,0,0,0,0,0,7,0,12:47,0.52,7,8,7,1.22,16.43,18.77,16.43,-,-,-,-,-,,10.2(c),"$4,273,500","$925,000"
223, Ian Cole,COL,29,LD/RD,Left,71,2,13,15,0.21,-1,82,0.02,19:45,3.42,82,181,120,0.15,3.51,7.74,5.13,-,-,-,-,-,,UFA,"$4,250,000","$5,000,000"
224, John Klingberg,DAL,25,RD,Right,64,10,35,45,0.7,6,153,0.07,24:31:00,7.84,153,345,218,0.3,5.85,13.19,8.33,-,-,-,-,-,,UFA,"$4,250,000","$4,500,000"
225, David Savard,CBJ,27,RD,Right,82,8,16,24,0.29,19,124,0.06,19:44,6.2,124,234,173,0.23,4.59,8.67,6.41,-,-,-,-,-,,UFA,"$4,250,000","$4,750,000"
226, Antti Raanta,ARI,29,G,Left,12,-,-,-,-,-,-,-,-,-,-,-,-,-,-,-,-,5,6,0,2.88,0.906,,UFA,"$4,250,000","$3,750,000"
227, Craig Smith,NSH,28,"RW, C",Right,76,21,17,38,0.5,11,205,0.1,15:07,19.19,205,338,277,1,10.7,17.64,14.46,-,-,-,-,-,,UFA,"$4,250,000","$4,500,000"
228, Brock Nelson,NYI,26,"C, LW",Left,82,25,28,53,0.65,20,181,0.14,17:58,24.03,181,294,236,0.98,7.37,11.97,9.61,-,-,-,-,-,,UFA,"$4,250,000","$4,250,000"
229, Jonathan Ericsson,DET,34,LD,Left,52,3,2,5,0.1,-10,48,0.06,17:13,1.46,48,106,68,0.1,3.22,7.1,4.55,-,-,-,-,-,M-NTC,UFA,"$4,250,000","$4,250,000"
230, Justin Abdelkader,DET,31,"LW, RW",Left,71,6,13,19,0.27,-14,95,0.06,15:24,11.45,95,159,135,0.63,5.21,8.73,7.41,-,-,-,-,-,NTC,UFA,"$4,250,000","$5,000,000"
231, Viktor Arvidsson,NSH,25,"RW, LW",Right,58,34,14,48,0.83,12,195,0.17,19:08,23.87,196,337,273,1.29,10.59,18.21,14.75,-,-,-,-,-,,UFA,"$4,250,000","$4,250,000"
232, Oscar Klefbom,EDM,24,LD,Left,61,5,23,28,0.46,-11,167,0.03,23:58,7.79,167,331,227,0.32,6.85,13.58,9.31,-,-,-,-,-,,UFA,"$4,167,000","$4,000,000"
233, Jonas Brodin,MIN,24,LD,Left,82,4,14,18,0.22,-15,111,0.04,20:32,4.98,111,211,142,0.18,3.95,7.52,5.05,-,-,-,-,-,,UFA,"$4,166,667","$5,750,000"
234, Cam Talbot,CGY,30,G,Left,35,-,-,-,-,-,-,-,-,-,-,-,-,-,-,-,-,11,17,1,3.4,0.892,M-NTC,UFA,"$4,166,666","$4,200,000"
235, Adam Larsson,EDM,25,RD,Right,82,3,17,20,0.24,-28,117,0.03,21:37,3.93,117,244,170,0.13,3.96,8.26,5.75,-,-,-,-,-,,UFA,"$4,166,666","$4,850,000"
236, Damon Severson,NJD,23,RD,Right,82,11,28,39,0.48,-27,146,0.08,22:02,7.84,146,262,190,0.26,4.84,8.69,6.31,-,-,-,-,-,,UFA,"$4,166,666","$3,000,000"
237, Mathieu Perreault,WPG,30,"LW, RW, C",Left,82,15,15,30,0.37,-1,95,0.16,12:13,10.69,95,169,136,0.64,5.68,10.11,8.14,-,-,-,-,-,M-NTC,UFA,"$4,125,000","$4,000,000"
238, Josh Manson,ANA,26,RD,Right,74,3,13,16,0.22,-8,96,0.03,22:18,4.46,96,187,125,0.16,3.49,6.8,4.54,-,-,-,-,-,,UFA,"$4,100,000","$3,250,000"
239, Nick Bonino,NSH,30,C,Left,81,17,18,35,0.43,27,118,0.14,16:18,12.83,118,202,154,0.57,5.36,9.18,7,-,-,-,-,-,,UFA,"$4,100,000","$4,100,000"
240, Brian Dumoulin,PIT,26,LD,Left,76,3,20,23,0.3,31,99,0.03,21:01,4.03,99,226,156,0.15,3.72,8.49,5.86,-,-,-,-,-,,UFA,"$4,100,000","$4,100,000"
241, Niklas Hjalmarsson,ARI,31,LD/RD,Left,82,0,10,10,0.12,8,57,0,19:41,1.82,57,109,75,0.07,2.12,4.05,2.79,-,-,-,-,-,"M-NTC, NMC",UFA,"$4,100,000","$4,000,000"
242, Nick Bjugstad,MIN,25,"C, RW",Right,64,14,12,26,0.41,6,154,0.09,15:07,14.83,154,233,195,0.92,9.55,14.45,12.09,-,-,-,-,-,,UFA,"$4,100,000","$4,300,000"
243, Olli Määttä,CHI,23,LD,Left,60,1,13,14,0.23,9,74,0.01,18:35,2.45,74,168,112,0.13,3.98,9.03,6.02,-,-,-,-,-,,UFA,"$4,083,333","$4,083,300"
244, Jake Gardiner,CAR,27,LD,Left,62,3,27,30,0.48,19,78,0.04,21:12,3.84,78,236,136,0.18,3.56,10.77,6.2,-,-,-,-,-,,UFA,"$4,050,000","$4,050,000"
245, Brett Pesce,CAR,23,RD,Right,73,7,22,29,0.4,35,98,0.07,20:29,5.03,98,195,134,0.2,3.93,7.82,5.37,-,-,-,-,-,,UFA,"$4,025,000","$4,025,000"
246, Mikkel Boedker,-,28,"LW, RW",Left,71,7,28,35,0.49,-23,88,0.08,14:01,9.57,88,151,115,0.57,5.3,9.1,6.93,-,-,-,-,-,,UFA,"$4,000,000","$3,000,000"
247, David Perron,STL,30,"RW, LW",Right,57,23,23,46,0.81,3,112,0.21,17:05,11.02,112,204,150,0.68,6.9,12.56,9.24,-,-,-,-,-,M-NTC,UFA,"$4,000,000","$4,750,000"
248, Vladislav Namestnikov,COL,25,"RW, LW, C",Left,78,11,20,31,0.4,-7,119,0.09,15:47,14.79,119,206,147,0.72,5.8,10.03,7.16,-,-,-,-,-,,UFA,"$4,000,000","$4,000,000"
249, Kris Russell,EDM,31,LD/RD,Left,72,3,13,16,0.22,5,63,0.05,20:25,2.79,63,142,92,0.11,2.57,5.79,3.75,-,-,-,-,-,NMC,UFA,"$4,000,000","$4,500,000"
250, Carl Hagelin,WSH,29,LW,Left,58,5,14,19,0.33,7,99,0.05,14:43,8.25,99,178,140,0.57,6.95,12.5,9.83,-,-,-,-,-,,UFA,"$4,000,000","$3,666,000"
251, Alec Martinez,VGK,30,LD,Left,60,4,14,18,0.3,-2,78,0.05,21:21,4.51,78,170,113,0.21,3.65,7.96,5.29,-,-,-,-,-,,UFA,"$4,000,000","$4,050,000"
252, Jake Muzzin,TOR,29,LD,Left,80,9,28,37,0.46,21,141,0.06,21:20,5.18,141,322,204,0.18,4.96,11.32,7.17,-,-,-,-,-,,UFA,"$4,000,000","$4,450,000"
253, Erik Gudbranson,ANA,26,RD,Right,76,2,8,10,0.13,-20,94,0.02,18:14,2.63,94,190,131,0.11,4.07,8.23,5.67,-,-,-,-,-,,UFA,"$4,000,000","$4,500,000"
254, Roman Josi,NSH,28,LD,Left,82,15,41,56,0.68,9,274,0.05,25:09:00,17.57,274,508,364,0.51,7.97,14.77,10.58,-,-,-,-,-,,UFA,"$4,000,000","$5,250,000"
255, Victor Rask,MIN,25,C,Left,49,3,6,9,0.18,-4,55,0.05,12:06,4.38,55,100,77,0.44,5.56,10.11,7.79,-,-,-,-,-,,UFA,"$4,000,000","$4,000,000"
256, Marco Scandella,STL,28,LD,Left,63,6,7,13,0.21,-13,83,0.07,17:36,2.54,83,156,108,0.14,4.49,8.44,5.84,-,-,-,-,-,,UFA,"$4,000,000","$4,500,000"
257, Adam Henrique,ANA,28,C,Left,82,18,24,42,0.51,-5,122,0.15,16:27,17.02,122,224,190,0.76,5.43,9.96,8.44,-,-,-,-,-,,UFA,"$4,000,000","$5,500,000"
258, Evgeni Dadonov,FLA,29,"RW, LW",Left,82,28,42,70,0.85,-6,195,0.14,18:22,27.45,195,359,280,1.09,7.77,14.3,11.15,-,-,-,-,-,NMC,UFA,"$4,000,000","$3,750,000"
259, Wayne Simmonds,BUF,29,"RW, LW",Right,79,17,13,30,0.38,-16,157,0.11,15:39,23.78,157,269,215,1.14,7.61,13.04,10.42,-,-,-,-,-,M-NTC,UFA,"$3,975,000","$5,000,000"
260, Johan Franzen,-,38,"RW, LW",Left,0,0,0,0,0,0,0,0,,,,,,,,,,-,-,-,-,-,,UFA,"$3,954,545","$1,000,000"
261, Colin Wilson,COL,28,"C, LW",Left,65,12,15,27,0.42,-6,104,0.12,13:33,10.55,104,171,140,0.72,7.08,11.64,9.52,-,-,-,-,-,,UFA,"$3,937,500","$4,000,000"
262, Andrew Shaw,CHI,26,"C, RW",Right,63,19,28,47,0.75,17,135,0.14,15:54,19.2,135,223,175,1.14,8.08,13.34,10.47,-,-,-,-,-,,UFA,"$3,900,000","$4,000,000"
263, Colin Miller,BUF,25,RD,Right,65,3,26,29,0.45,0,131,0.02,19:38,5.22,131,318,183,0.25,6.16,14.94,8.6,-,-,-,-,-,,UFA,"$3,875,000","$3,875,000"
264, Travis Hamonic,CGY,27,RD,Right,69,7,12,19,0.28,21,128,0.05,20:51,4.8,128,286,194,0.2,5.33,11.92,8.08,-,-,-,-,-,,UFA,"$3,857,143","$4,875,000"
265, Cody Eakin,WPG,27,C,Left,78,22,19,41,0.53,19,120,0.18,15:22,14.96,120,209,167,0.75,6.01,10.46,8.36,-,-,-,-,-,,UFA,"$3,850,000","$3,850,000"
266, Connor Murphy,CHI,25,RD,Right,52,5,8,13,0.25,12,84,0.06,19:29,2.49,84,155,102,0.15,4.97,9.18,6.04,-,-,-,-,-,,UFA,"$3,850,000","$4,500,000"
267, Darren Helm,DET,31,"C, LW, RW",Left,61,7,10,17,0.28,-11,107,0.07,14:34,9.94,107,191,145,0.67,7.22,12.89,9.77,-,-,-,-,-,NTC,UFA,"$3,850,000","$3,750,000"
268, Matt Beleskey,NYR,30,LW,Left,4,1,0,1,0.25,1,3,0.33,7:22,0.21,3,6,5,0.43,6.11,12.21,10.18,-,-,-,-,-,M-NTC,UFA,"$3,800,000","$4,000,000"
269, Justin Braun,PHI,31,RD,Right,78,2,14,16,0.21,-14,105,0.02,20:18,3.72,105,223,155,0.14,3.98,8.44,5.87,-,-,-,-,-,,UFA,"$3,800,000","$3,800,000"
270, Rickard Rakell,ANA,25,"C, RW, LW",Right,69,18,25,43,0.62,-13,194,0.09,18:28,18.41,194,345,256,0.87,9.13,16.23,12.05,-,-,-,-,-,,UFA,"$3,789,444","$3,800,000"
271, Jakob Silfverberg,ANA,27,"RW, LW",Right,73,24,19,43,0.59,-9,163,0.15,17:05,19.37,163,288,228,0.93,7.84,13.85,10.96,-,-,-,-,-,,UFA,"$3,750,000","$3,750,000"
272, Matt Murray,PIT,24,G,Left,50,-,-,-,-,-,-,-,-,-,-,-,-,-,-,-,-,29,14,4,2.69,0.919,,RFA,"$3,750,000","$3,750,000"
273, Tanner Pearson,VAN,25,LW,Left,80,18,9,27,0.34,-15,147,0.12,14:03,14.01,147,248,191,0.75,7.85,13.24,10.19,-,-,-,-,-,,UFA,"$3,750,000","$3,800,000"
274, Boone Jenner,CBJ,25,"C, LW",Left,77,16,22,38,0.49,6,170,0.09,17:03,17.28,170,283,236,0.79,7.76,12.92,10.78,-,-,-,-,-,,UFA,"$3,750,000","$4,000,000"
275, Mattias Ekholm,NSH,28,LD,Left,80,8,36,44,0.55,27,146,0.05,23:21,6.28,146,306,208,0.2,4.69,9.82,6.68,-,-,-,-,-,,UFA,"$3,750,000","$4,000,000"
276, Brendan Gallagher,MTL,26,RW,Right,82,33,19,52,0.63,10,302,0.11,16:23,34.22,302,556,404,1.53,13.49,24.83,18.04,-,-,-,-,-,,UFA,"$3,750,000","$3,000,000"
277, Anders Lee,NYI,27,"LW, C",Left,82,28,23,51,0.62,20,204,0.14,17:05,29.87,204,332,283,1.28,8.74,14.22,12.12,-,-,-,-,-,,UFA,"$3,750,000","$5,000,000"
278, Braydon Coburn,TBL,33,LD,Left,74,4,19,23,0.31,4,113,0.04,16:06,4.12,113,225,160,0.21,5.69,11.32,8.05,-,-,-,-,-,M-NTC,UFA,"$3,700,000","$3,700,000"
279, Jacob Markström,VAN,28,G,Left,60,-,-,-,-,-,-,-,-,-,-,-,-,-,-,-,-,28,23,1,2.77,0.912,,UFA,"$3,666,667","$3,600,000"
280, Sam Reinhart,BUF,22,"RW, C",Right,82,22,43,65,0.79,-10,180,0.12,18:57,23.58,181,325,276,0.91,6.99,12.54,10.65,-,-,-,-,-,,RFA,"$3,650,000","$3,550,000"
281, Andrei Vasilevskiy,TBL,23,G,Left,53,-,-,-,-,-,-,-,-,-,-,-,-,-,-,-,-,39,10,6,2.4,0.925,,RFA,"$3,500,000","$3,500,000"
282, Bryan Rust,PIT,26,"RW, LW",Right,72,18,17,35,0.49,10,141,0.13,15:54,17.34,141,232,198,0.91,7.39,12.16,10.37,-,-,-,-,-,,UFA,"$3,500,000","$3,500,000"
283, Vladimír Sobotka,BUF,30,"LW, C",Left,69,5,8,13,0.19,-20,71,0.07,14:11,5.46,71,127,96,0.33,4.34,7.78,5.88,-,-,-,-,-,,UFA,"$3,500,000","$3,500,000"
284, Lars Eller,WSH,29,C,Left,81,13,23,36,0.44,-1,163,0.08,16:32,17.67,163,274,225,0.79,7.3,12.28,10.08,-,-,-,-,-,,UFA,"$3,500,000","$5,000,000"
285, Eric Staal,BUF,33,C,Left,81,22,30,52,0.64,-7,215,0.1,18:07,25.66,215,350,278,1.05,8.78,14.3,11.36,-,-,-,-,-,M-NTC,UFA,"$3,500,000","$3,500,000"
286, Cal Clutterbuck,NYI,30,RW,Right,73,8,15,23,0.32,6,95,0.08,13:58,13.88,95,187,146,0.82,5.59,11,8.59,-,-,-,-,-,,UFA,"$3,500,000","$4,000,000"
287, James Reimer,CAR,30,G,Left,36,-,-,-,-,-,-,-,-,-,-,-,-,-,-,-,-,13,12,0,3.09,0.9,,UFA,"$3,400,000","$3,100,000"
288, Brandon Montour,BUF,24,RD,Right,82,8,27,35,0.43,-20,181,0.04,22:27,9.01,181,362,264,0.28,5.9,11.8,8.61,-,-,-,-,-,,RFA,"$3,387,500","$3,250,000"
289, Sven Baertschi,VAN,25,LW,Left,26,9,5,14,0.54,-9,43,0.21,15:08,6.6,43,70,66,1.01,6.57,10.7,10.09,-,-,-,-,-,,UFA,"$3,366,666","$4,000,000"
290, Radko Gudas,WSH,28,RD,Right,77,4,16,20,0.26,6,136,0.03,17:52,3.52,136,291,206,0.15,5.93,12.69,8.98,-,-,-,-,-,,UFA,"$3,350,000","$3,400,000"
291, Michael Grabner,ARI,30,"LW, RW",Left,41,9,7,16,0.39,-2,65,0.14,14:23,9.27,65,101,85,0.94,6.61,10.27,8.64,-,-,-,-,-,M-NTC,UFA,"$3,350,000","$2,500,000"
292, Casey Cizikas,NYI,27,C,Left,73,20,13,33,0.45,22,111,0.18,14:01,13.99,111,170,139,0.82,6.51,9.96,8.15,-,-,-,-,-,,UFA,"$3,350,000","$3,500,000"
293, Thomas Greiss,NYI,32,G,Left,43,-,-,-,-,-,-,-,-,-,-,-,-,-,-,-,-,23,14,5,2.28,0.927,,UFA,"$3,333,333","$3,250,000"
294, Philipp Grubauer,COL,26,G,Left,37,-,-,-,-,-,-,-,-,-,-,-,-,-,-,-,-,18,9,3,2.64,0.917,,UFA,"$3,333,333","$3,350,000"
295, Jamie McGinn,-,29,"LW, RW",Left,19,4,3,7,0.37,-5,23,0.17,10:40,2.33,23,42,29,0.69,6.8,12.42,8.58,-,-,-,-,-,,UFA,"$3,333,333","$3,500,000"
296, Anthony Mantha,DET,23,"RW, LW",Left,67,25,23,48,0.72,-8,198,0.13,17:49,19.12,198,335,254,0.96,9.94,16.82,12.76,-,-,-,-,-,,RFA,"$3,300,000","$3,300,000"
297, Brenden Dillon,WSH,27,LD,Left,82,1,21,22,0.27,19,71,0.01,17:44,2.52,71,181,113,0.1,2.93,7.47,4.66,-,-,-,-,-,,UFA,"$3,270,000","$3,900,000"
298, Andrew Cogliano,DAL,31,LW,Left,78,6,11,17,0.22,1,106,0.06,12:35,11.15,106,172,143,0.68,6.48,10.51,8.74,-,-,-,-,-,M-NTC,UFA,"$3,250,000","$3,250,000"
299, Zack Smith,CHI,30,"LW, C",Left,70,9,19,28,0.4,-6,101,0.09,16:21,10.18,101,174,139,0.53,5.29,9.11,7.29,-,-,-,-,-,M-NTC,UFA,"$3,250,000","$3,250,000"
300, Jack Johnson,PIT,31,LD,Left,82,1,12,13,0.16,-4,86,0.01,19:16,3.43,86,212,126,0.13,3.26,8.05,4.78,-,-,-,-,-,,UFA,"$3,250,000","$4,000,000"
301, Darnell Nurse,EDM,23,LD,Left,82,10,31,41,0.5,-5,196,0.05,23:49,9.6,196,395,267,0.28,6.02,12.13,8.19,-,-,-,-,-,,RFA,"$3,200,000","$3,200,000"
302, Charlie Coyle,BOS,26,"C, RW",Right,81,12,22,34,0.42,-1,155,0.08,16:46,15.26,155,258,209,0.67,6.84,11.39,9.23,-,-,-,-,-,,UFA,"$3,200,000","$3,750,000"
303, Trevor Daley,DET,34,RD,Left,44,2,6,8,0.18,-3,47,0.04,18:33,3.56,47,83,64,0.26,3.45,6.1,4.7,-,-,-,-,-,NTC,UFA,"$3,166,666","$3,300,000"
304, Patrick Eaves,ANA,34,"RW, LW",Right,7,0,0,0,0,-4,6,0,13:52,1.09,6,12,12,0.67,3.71,7.41,7.41,-,-,-,-,-,M-NTC,UFA,"$3,150,000","$3,150,000"
305, Sam Gagner,DET,28,"C, RW",Right,32,6,7,13,0.41,-6,68,0.09,14:35,5.62,68,119,92,0.72,8.74,15.3,11.83,-,-,-,-,-,,UFA,"$3,150,000","$3,500,000"
306, Max Domi,MTL,23,"C, LW",Left,82,28,44,72,0.88,20,203,0.14,17:22,20.89,203,362,273,0.88,8.55,15.24,11.49,-,-,-,-,-,,RFA,"$3,150,000","$3,150,000"
307, Joshua Morrissey,WPG,23,LD,Left,59,6,25,31,0.53,9,95,0.06,22:24,5.66,95,188,131,0.26,4.3,8.52,5.95,-,-,-,-,-,,RFA,"$3,150,000","$3,150,000"
308, Derek Ryan,CGY,31,C,Right,81,13,25,38,0.47,21,103,0.13,13:48,11.41,103,179,141,0.61,5.53,9.61,7.57,-,-,-,-,-,,UFA,"$3,125,000","$3,125,000"
309, Jean-Gabriel Pageau,NYI,25,C,Right,39,4,8,12,0.31,-12,83,0.05,17:50,6.93,83,129,106,0.6,7.16,11.12,9.14,-,-,-,-,-,,UFA,"$3,100,000","$3,300,000"
310, Ryan Strome,NYR,24,"C, RW",Right,81,19,16,35,0.43,-3,110,0.17,15:34,14.51,110,190,147,0.69,5.23,9.03,6.99,-,-,-,-,-,,RFA,"$3,100,000","$3,000,000"
311, Marcus Krüger,-,28,C,Left,74,4,8,12,0.16,-2,74,0.05,10:24,6.15,74,98,89,0.48,5.76,7.63,6.93,-,-,-,-,-,M-NTC,UFA,"$3,083,333","$2,300,000"
312, Phillip Danault,MTL,25,C,Left,81,12,41,53,0.65,17,132,0.09,17:46,15.39,132,236,181,0.64,5.5,9.84,7.55,-,-,-,-,-,,UFA,"$3,083,333","$3,000,000"
313, Leo Komarov,NYI,31,"RW, LW, C",Left,82,6,20,26,0.32,18,78,0.08,13:53,9.28,78,142,117,0.49,4.11,7.48,6.16,-,-,-,-,-,M-NTC,UFA,"$3,000,000","$4,000,000"
314, Jonathan Bernier,DET,29,G,Left,35,-,-,-,-,-,-,-,-,-,-,-,-,-,-,-,-,9,18,1,3.16,0.904,,UFA,"$3,000,000","$3,250,000"
315, Antoine Roussel,VAN,28,LW,Left,65,9,22,31,0.48,5,84,0.11,13:45,8.93,84,154,126,0.6,5.64,10.33,8.44,-,-,-,-,-,M-NTC,UFA,"$3,000,000","$3,800,000"
316, Dan Girardi,-,34,RD,Right,62,4,12,16,0.26,6,75,0.05,17:48,3.84,75,131,96,0.21,4.08,7.12,5.22,-,-,-,-,-,NTC,UFA,"$3,000,000","$2,750,000"
317, Jay Beagle,VAN,32,C,Right,57,3,10,13,0.23,-8,45,0.07,13:39,4.3,45,71,60,0.33,3.47,5.47,4.63,-,-,-,-,-,M-NTC,UFA,"$3,000,000","$4,400,000"
318, André Burakovsky,COL,23,"LW, RW",Left,76,12,13,25,0.33,2,100,0.12,11:07,8.86,100,178,133,0.63,7.1,12.63,9.44,-,-,-,-,-,,RFA,"$3,000,000","$3,250,000"
319, Joel Edmundson,MTL,25,LD,Left,64,2,9,11,0.17,8,102,0.02,19:23,4.53,102,202,137,0.22,4.93,9.77,6.62,-,-,-,-,-,,RFA,"$3,000,000","$3,000,000"
320, Michael Del Zotto,ANA,28,LD,Left,42,1,9,10,0.24,-2,45,0.02,17:01,2.42,45,112,72,0.2,3.78,9.4,6.04,-,-,-,-,-,,UFA,"$3,000,000","$3,000,000"
321, Ron Hainsey,OTT,37,RD,Left,81,5,18,23,0.28,30,81,0.06,20:15,2.89,81,176,122,0.11,2.96,6.44,4.46,-,-,-,-,-,M-NTC,UFA,"$3,000,000","$2,400,000"
322, Cam Ward,-,34,G,Left,33,-,-,-,-,-,-,-,-,-,-,-,-,-,-,-,-,16,12,0,3.67,0.897,NMC,UFA,"$3,000,000","$3,000,000"
323, Thomas Vanek,-,34,"LW, RW",Right,64,16,20,36,0.56,-12,108,0.15,14:06,11.98,108,195,151,0.8,7.18,12.96,10.02,-,-,-,-,-,NTC,UFA,"$3,000,000","$3,000,000"
324, Andreas Athanasiou,EDM,23,"C, LW, RW",Left,76,30,24,54,0.71,-9,216,0.14,16:58,22.47,216,387,304,1.05,10.05,18,14.14,-,-,-,-,-,,RFA,"$3,000,000","$3,000,000"
325, Conor Sheary,PIT,26,"LW, RW",Left,78,14,20,34,0.44,-18,147,0.1,14:37,14.98,147,248,197,0.79,7.73,13.05,10.36,-,-,-,-,-,,UFA,"$3,000,000","$3,000,000"
326, Chris Tierney,OTT,24,C,Left,81,9,39,48,0.59,-22,116,0.08,17:01,13.06,116,189,148,0.56,5.05,8.22,6.44,-,-,-,-,-,,RFA,"$2,937,500","$2,900,000"
327, Adam Lowry,WPG,25,C,Left,78,12,11,23,0.29,6,105,0.11,14:38,12.11,105,178,146,0.64,5.52,9.35,7.67,-,-,-,-,-,,UFA,"$2,916,666","$3,500,000"
328, Carl Gunnarsson,STL,31,LD,Left,25,3,4,7,0.28,8,21,0.14,15:55,1.3,21,48,31,0.2,3.16,7.23,4.67,-,-,-,-,-,,UFA,"$2,900,000","$2,900,000"
329, Marcus Foligno,MIN,26,"LW, RW",Left,82,7,12,19,0.23,-1,91,0.08,11:58,9.83,91,152,125,0.6,5.56,9.28,7.64,-,-,-,-,-,,UFA,"$2,875,000","$3,000,000"
330, Teuvo Teräväinen,CAR,23,"RW, LW",Left,82,21,55,76,0.93,30,167,0.13,17:55,19.04,167,318,245,0.78,6.82,12.99,10.01,-,-,-,-,-,,RFA,"$2,860,000","$2,860,000"
331, Matt Calvert,COL,28,"LW, RW",Left,82,11,15,26,0.32,-10,141,0.08,14:11,13.24,141,212,168,0.68,7.27,10.93,8.66,-,-,-,-,-,,UFA,"$2,850,000","$3,750,000"
332, Ryan Murray,CBJ,24,LD,Left,56,1,28,29,0.52,20,71,0.01,21:26,3.88,71,141,99,0.19,3.55,7.05,4.95,-,-,-,-,-,,RFA,"$2,825,000","$2,825,000"
333, Richard Pánik,WSH,27,"LW, RW",Left,75,14,19,33,0.44,-3,140,0.1,16:36,17.27,140,253,191,0.83,6.74,12.19,9.19,-,-,-,-,-,,UFA,"$2,800,000","$2,800,000"
334, Ben Hutton,LAK,25,LD,Left,69,5,15,20,0.29,-23,114,0.04,22:21,4.37,114,255,156,0.17,4.43,9.92,6.07,-,-,-,-,-,,UFA,"$2,800,000","$2,800,000"
,,,,,,,,,,,,,,,,,,,,,,,,,,,,,No QO,,
335, Ryan Reaves,VGK,31,RW,Right,80,9,11,20,0.25,1,95,0.09,10:52,12.34,95,160,127,0.85,6.56,11.05,8.77,-,-,-,-,-,,UFA,"$2,775,000","$2,775,000"
336, Valtteri Filppula,DET,34,"C, LW",Left,72,17,14,31,0.43,19,78,0.22,14:16,10.09,78,121,98,0.59,4.55,7.06,5.72,-,-,-,-,-,NMC,UFA,"$2,750,000","$2,750,000"
337, Brian Elliott,PHI,33,G,Left,26,-,-,-,-,-,-,-,-,-,-,-,-,-,-,-,-,11,11,1,2.97,0.907,,UFA,"$2,750,000","$3,000,000"
338, Carter Hutton,BUF,32,G,Left,50,-,-,-,-,-,-,-,-,-,-,-,-,-,-,-,-,18,25,0,3,0.908,,UFA,"$2,750,000","$2,750,000"
339, Riley Nash,CBJ,29,"C, RW",Right,78,3,9,12,0.15,-8,79,0.04,10:50,7.81,79,123,99,0.55,5.61,8.73,7.03,-,-,-,-,-,,UFA,"$2,750,000","$2,750,000"
340, Adam McQuaid,-,31,RD,Right,50,3,4,7,0.14,2,28,0.11,15:46,1.36,28,73,50,0.1,2.13,5.55,3.8,-,-,-,-,-,,UFA,"$2,750,000","$2,000,000"
341, Jaroslav Halák,BOS,33,G,Left,40,-,-,-,-,-,-,-,-,-,-,-,-,-,-,-,-,22,11,5,2.34,0.922,,UFA,"$2,750,000","$3,250,000"
342, Erik Haula,FLA,27,"C, LW",Left,15,2,5,7,0.47,1,26,0.08,16:35,3.77,26,64,44,0.91,6.27,15.43,10.61,-,-,-,-,-,,UFA,"$2,750,000","$2,750,000"
343, John Moore,BOS,27,LD,Left,61,4,9,13,0.21,0,97,0.04,18:46,3.64,97,185,126,0.19,5.08,9.69,6.6,-,-,-,-,-,,UFA,"$2,750,000","$3,250,000"
344, Miles Wood,NJD,22,LW,Left,63,10,14,24,0.38,-10,159,0.06,13:41,13.33,159,253,213,0.93,11.06,17.6,14.81,-,-,-,-,-,,RFA,"$2,750,000","$2,500,000"
345, Mark Pysyk,FLA,26,"RD, RW",Right,70,1,10,11,0.16,-1,64,0.02,18:16,2.56,64,129,93,0.12,3,6.05,4.36,-,-,-,-,-,,UFA,"$2,733,333","$2,750,000"
346, Markus Nutivaara,CBJ,24,RD,Left,80,5,16,21,0.26,3,99,0.05,17:40,4.41,99,179,132,0.19,4.2,7.59,5.6,-,-,-,-,-,,UFA,"$2,700,000","$2,500,000"
347, Ben Lovejoy,-,34,RD,Right,71,2,7,9,0.13,-1,95,0.02,17:04,2.61,95,183,127,0.13,4.7,9.05,6.28,-,-,-,-,-,,UFA,"$2,666,667","$2,750,000"
348, Derek Dorsett,-,31,RW,Right,0,0,0,0,0,0,0,0,,,,,,,,,,-,-,-,-,-,,UFA,"$2,650,000","$2,500,000"
349, Ondrej Kase,BOS,22,RW,Right,30,11,9,20,0.67,0,94,0.12,15:39,9.99,95,165,129,1.28,12.14,21.08,16.48,-,-,-,-,-,,RFA,"$2,600,000","$2,600,000"
350, Brian Boyle,FLA,33,"LW, C",Left,73,18,6,24,0.33,-14,123,0.15,13:26,13.78,123,196,162,0.84,7.52,11.99,9.91,-,-,-,-,-,M-NTC,UFA,"$2,550,000","$2,500,000"
351, Derek Forbort,CGY,26,LD,Left,81,2,12,14,0.17,-13,75,0.03,20:44,2.42,75,183,118,0.09,2.68,6.54,4.21,-,-,-,-,-,,UFA,"$2,525,000","$2,250,000"
352, Michal Neuvirth,-,30,G,Left,7,-,-,-,-,-,-,-,-,-,-,-,-,-,-,-,-,1,4,0,4.27,0.859,,UFA,"$2,500,000","$2,500,000"
353, Patrik Nemeth,DET,26,LD,Left,74,1,9,10,0.14,5,57,0.02,16:29,1.91,57,112,81,0.09,2.8,5.51,3.98,-,-,-,-,-,,UFA,"$2,500,000","$2,500,000"
354, Brayden McNabb,VGK,27,LD,Left,81,4,12,16,0.2,11,84,0.05,19:28,3.3,84,184,115,0.13,3.19,7,4.37,-,-,-,-,-,,UFA,"$2,500,000","$3,000,000"
355, Ryan Ellis,NSH,27,RD,Right,82,7,34,41,0.5,21,149,0.05,24:00:00,9.26,149,308,218,0.28,4.54,9.38,6.64,-,-,-,-,-,,UFA,"$2,500,000","$3,500,000"
356, Anton Khudobin,DAL,32,G,Left,41,-,-,-,-,-,-,-,-,-,-,-,-,-,-,-,-,16,17,2,2.57,0.923,,UFA,"$2,500,000","$2,500,000"
357, Kevan Miller,BOS,30,RD,Right,39,0,7,7,0.18,8,32,0,17:44,0.97,32,81,48,0.08,2.77,7.02,4.16,-,-,-,-,-,,UFA,"$2,500,000","$2,500,000"
358, Matt Martin,NYI,29,"LW, RW",Left,67,6,8,14,0.21,5,62,0.1,11:26,6.17,62,108,90,0.48,4.86,8.46,7.05,-,-,-,-,-,,UFA,"$2,500,000","$2,250,000"
359, Thomas Hickey,NYI,29,LD,Left,40,0,4,4,0.1,5,47,0,18:30,1.5,47,110,70,0.12,3.81,8.92,5.67,-,-,-,-,-,,UFA,"$2,500,000","$2,500,000"
360, Oliver Bjorkstrand,CBJ,23,RW,Right,77,23,13,36,0.47,8,161,0.14,12:20,14.58,161,261,212,0.92,10.17,16.48,13.39,-,-,-,-,-,,RFA,"$2,500,000","$2,500,000"
361, Anders Nilsson,OTT,28,G,Left,36,-,-,-,-,-,-,-,-,-,-,-,-,-,-,-,-,14,19,2,2.97,0.908,,UFA,"$2,500,000","$2,000,000"
362, Mikko Koskinen,EDM,29,G,Left,55,-,-,-,-,-,-,-,-,-,-,-,-,-,-,-,-,25,21,4,2.93,0.906,NMC,UFA,"$2,500,000","$2,500,000"
363, Michal Kempný,WSH,27,LD,Left,71,6,19,25,0.35,24,111,0.05,19:11,3.58,111,232,158,0.16,4.88,10.22,6.96,-,-,-,-,-,,UFA,"$2,500,000","$3,300,000"
364, Blake Comeau,DAL,32,"LW, RW",Right,77,7,11,18,0.23,-7,102,0.07,15:43,10.59,102,178,139,0.52,5.05,8.82,6.89,-,-,-,-,-,,UFA,"$2,400,000","$2,600,000"
365, Nathan Beaulieu,WPG,25,LD,Left,48,3,9,12,0.25,6,60,0.05,15:30,1.99,60,106,79,0.16,4.84,8.53,6.37,-,-,-,-,-,,UFA,"$2,400,000","$2,500,000"
,,,,,,,,,,,,,,,,,,,,,,,,,,,,,No QO,,
366, Mike Condon,TBL,28,G,Left,2,-,-,-,-,-,-,-,-,-,-,-,-,-,-,-,-,0,2,0,6.4,0.8,,UFA,"$2,400,000","$2,500,000"
367, Stephen Johns,DAL,26,RD,Right,0,0,0,0,0,0,0,0,,,,,,,,,,-,-,-,-,-,,UFA,"$2,350,000","$2,200,000"
368, Michael Raffl,PHI,29,"LW, RW",Left,67,6,12,18,0.27,-1,65,0.09,11:24,7.36,65,124,94,0.57,5.09,9.73,7.37,-,-,-,-,-,,UFA,"$2,350,000","$2,350,000"
369, Dale Weise,MTL,29,"RW, LW",Right,51,5,6,11,0.22,-8,58,0.09,11:46,6.71,58,94,79,0.67,5.79,9.39,7.89,-,-,-,-,-,,UFA,"$2,350,000","$2,350,000"
370, Troy Stecher,VAN,24,RD,Right,78,2,21,23,0.29,9,105,0.02,19:55,4.86,105,250,153,0.19,4.05,9.66,5.91,-,-,-,-,-,,RFA,"$2,325,000","$2,325,000"
371, John Gibson,ANA,24,G,Left,58,-,-,-,-,-,-,-,-,-,-,-,-,-,-,-,-,26,22,2,2.84,0.917,,RFA,"$2,300,000","$3,300,000"
372, Trevor van Riemsdyk,CAR,26,RD,Right,78,3,11,14,0.18,-4,102,0.03,15:03,3.91,102,204,145,0.2,5.21,10.42,7.41,-,-,-,-,-,,UFA,"$2,300,000","$2,100,000"
373, Mattias Janmark,DAL,25,"LW, C",Left,81,6,19,25,0.31,-4,105,0.06,15:12,11.75,105,176,141,0.56,5.11,8.57,6.86,-,-,-,-,-,,RFA,"$2,300,000","$2,300,000"
374, Devin Shore,CBJ,23,"LW, C, RW",Left,76,10,19,29,0.38,-12,82,0.12,14:15,9.21,82,162,116,0.51,4.54,8.97,6.42,-,-,-,-,-,,RFA,"$2,300,000","$2,200,000"
375, Jimmy Vesey,BUF,25,"LW, RW",Left,81,17,18,35,0.43,-6,154,0.11,16:03,20.88,154,265,203,0.96,7.1,12.22,9.36,-,-,-,-,-,,UFA,"$2,275,000","$2,200,000"
376, Greg Pateryn,MIN,28,RD,Right,80,1,6,7,0.09,-11,100,0.01,17:07,2.54,100,205,145,0.11,4.38,8.98,6.35,-,-,-,-,-,,UFA,"$2,250,000","$1,750,000"
377, Brandon Manning,EDM,28,LD,Left,39,2,2,4,0.1,-15,33,0.06,14:50,1.29,33,73,45,0.13,3.42,7.57,4.66,-,-,-,-,-,,UFA,"$2,250,000","$2,500,000"
378, Matt Hunwick,BUF,33,LD,Left,14,0,2,2,0.14,-7,10,0,15:41,0.28,10,18,13,0.08,2.73,4.92,3.55,-,-,-,-,-,,UFA,"$2,250,000","$2,500,000"
379, Zach Hyman,TOR,26,"LW, RW",Right,71,21,20,41,0.58,16,144,0.15,17:16,23.71,145,242,196,1.15,7.09,11.84,9.59,-,-,-,-,-,,UFA,"$2,250,000","$2,000,000"
380, Jan Rutta,TBL,27,RD,Right,37,2,6,8,0.22,4,42,0.05,15:35,1.18,42,82,56,0.12,4.37,8.52,5.82,-,-,-,-,-,,UFA,"$2,250,000","$2,250,000"
381, Nate Schmidt,VGK,26,RD,Left,61,9,21,30,0.49,22,112,0.08,21:57,6.58,112,232,154,0.28,5.01,10.4,6.9,-,-,-,-,-,,UFA,"$2,225,000","$2,300,000"
382, Radek Faksa,DAL,24,C,Left,81,15,15,30,0.37,-3,114,0.13,16:25,17.6,114,199,163,0.79,5.14,8.97,7.35,-,-,-,-,-,,RFA,"$2,200,000","$2,200,000"
383, Nick Holden,VGK,31,LD,Left,61,3,12,15,0.25,5,77,0.04,18:17,3.44,78,189,124,0.18,4.19,10.16,6.67,-,-,-,-,-,,UFA,"$2,200,000","$2,600,000"
384, Esa Lindell,DAL,24,LD,Left,82,11,21,32,0.39,14,132,0.08,24:19:00,6.92,132,257,175,0.21,3.97,7.73,5.26,-,-,-,-,-,,RFA,"$2,200,000","$2,200,000"
385, Nikita Zadorov,COL,23,LD/RD,Left,70,7,7,14,0.2,19,100,0.07,17:12,4.22,100,209,142,0.21,4.98,10.41,7.07,-,-,-,-,-,,RFA,"$2,150,000","$2,200,000"
386, Jamie Oleksiak,DAL,25,LD,Left,57,4,8,12,0.21,5,55,0.07,14:43,2.46,55,116,81,0.18,3.93,8.28,5.79,-,-,-,-,-,,UFA,"$2,137,500","$1,950,000"
387, Connor Brown,OTT,24,"LW, RW",Right,82,8,21,29,0.35,11,85,0.09,13:47,9.58,85,161,134,0.51,4.51,8.53,7.11,-,-,-,-,-,,RFA,"$2,100,000","$2,100,000"
388, Riley Sheahan,EDM,26,"LW, C",Left,82,9,10,19,0.23,-9,110,0.08,13:27,12.41,110,164,144,0.67,5.98,8.91,7.83,-,-,-,-,-,,UFA,"$2,100,000","$2,100,000"
389, Trevor Lewis,LAK,31,"C, RW, LW",Right,44,3,9,12,0.27,-9,87,0.03,14:01,6.1,87,134,111,0.59,8.46,13.03,10.79,-,-,-,-,-,,UFA,"$2,000,000","$2,000,000"
390, Tobias Rieder,CGY,25,"RW, LW",Left,67,0,11,11,0.16,-8,92,0,12:38,8.48,92,161,118,0.6,6.52,11.4,8.36,-,-,-,-,-,,UFA,"$2,000,000","$2,000,000"
,,,,,,,,,,,,,,,,,,,,,,,,,,,,,No QO,,
391, Ryan Miller,ANA,37,G,Left,20,-,-,-,-,-,-,-,-,-,-,-,-,-,-,-,-,8,7,1,2.76,0.912,M-NTC,UFA,"$2,000,000","$2,000,000"
392, Melker Karlsson,SJS,27,"RW, C",Right,79,12,4,16,0.2,-1,79,0.15,11:29,8.24,79,128,107,0.54,5.22,8.44,7.07,-,-,-,-,-,,UFA,"$2,000,000","$2,000,000"
393, Calle Järnkrok,NSH,26,"LW, C",Right,79,10,16,26,0.33,13,106,0.09,15:25,10.9,106,196,145,0.54,5.22,9.65,7.14,-,-,-,-,-,,UFA,"$2,000,000","$2,100,000"
394, Ryan Pulock,NYI,23,RD,Right,82,9,28,37,0.45,21,180,0.05,22:21,10.49,180,382,242,0.34,5.89,12.5,7.92,-,-,-,-,-,,RFA,"$2,000,000","$1,350,000"
395, Matt Nieto,COL,25,"LW, RW",Left,64,4,19,23,0.36,2,86,0.05,13:46,8.34,86,140,117,0.56,5.85,9.52,7.97,-,-,-,-,-,,UFA,"$1,975,000","$1,975,000"
396, Sam Bennett,CGY,22,"C, LW",Left,71,13,14,27,0.38,-6,115,0.11,13:17,15.96,115,206,163,1.01,7.31,13.1,10.36,-,-,-,-,-,,RFA,"$1,950,000","$1,950,000"
397, Alex Petrovic,BOS,26,RD,Right,35,0,2,2,0.06,-15,47,0,16:31,1.76,47,111,70,0.18,4.88,11.51,7.26,-,-,-,-,-,,UFA,"$1,950,000","$1,950,000"
398, Zack Kassian,EDM,27,RW,Right,79,15,11,26,0.33,-6,111,0.14,14:48,13.54,111,170,138,0.69,5.7,8.72,7.08,-,-,-,-,-,,UFA,"$1,950,000","$2,000,000"
399, Aaron Dell,SJS,29,G,Left,25,-,-,-,-,-,-,-,-,-,-,-,-,-,-,-,-,10,8,2,3.17,0.886,,UFA,"$1,900,000","$2,200,000"
400, Tim Schaller,LAK,27,LW,Left,47,3,7,10,0.21,-2,44,0.07,10:39,4.57,44,71,58,0.55,5.27,8.5,6.94,-,-,-,-,-,,UFA,"$1,900,000","$1,900,000"
401, Joonas Donskoi,COL,26,RW,Right,80,14,23,37,0.46,10,115,0.12,13:25,13.21,115,187,152,0.74,6.43,10.45,8.5,-,-,-,-,-,,UFA,"$1,900,000","$1,900,000"
402, Matthew Benning,EDM,24,RD,Right,70,5,12,17,0.24,11,94,0.05,14:56,2.9,94,181,129,0.17,5.39,10.38,7.4,-,-,-,-,-,,RFA,"$1,900,000","$1,800,000"
403, Joel Armia,MTL,25,RW,Right,57,13,10,23,0.4,0,134,0.1,15:47,13.65,134,223,169,0.91,8.93,14.86,11.26,-,-,-,-,-,,RFA,"$1,850,000","$1,850,000"
404, Jesper Fast,NYR,26,RW,Right,66,8,12,20,0.3,-3,80,0.1,15:43,11.31,80,120,99,0.65,4.63,6.94,5.73,-,-,-,-,-,,UFA,"$1,850,000","$1,850,000"
405, Josh Anderson,CBJ,24,RW,Right,82,27,20,47,0.57,25,230,0.12,17:01,25.02,230,383,305,1.08,9.89,16.46,13.11,-,-,-,-,-,,RFA,"$1,850,000","$1,850,000"
406, Darcy Kuemper,ARI,28,G,Left,55,-,-,-,-,-,-,-,-,-,-,-,-,-,-,-,-,27,20,5,2.33,0.925,,UFA,"$1,850,000","$1,600,000"
407, Elvis Merzlikins,CBJ,24,G,Left,0,-,-,-,-,-,-,-,-,-,-,-,-,-,-,-,-,0,0,0,0,0,,10.2(c),"$1,844,559","$925,000"
408, Ryan Dzingel,CAR,26,"LW, RW, C",Left,78,26,30,56,0.72,-9,159,0.16,16:49,16.26,159,250,195,0.74,7.27,11.44,8.92,-,-,-,-,-,,UFA,"$1,800,000","$2,100,000"
409, Luke Glendening,DET,29,"C, RW, LW",Right,78,10,13,23,0.29,2,102,0.1,15:47,12.54,102,169,146,0.61,4.97,8.24,7.11,-,-,-,-,-,,UFA,"$1,800,000","$2,000,000"
410, Jordan Martinook,CAR,25,"C, LW, RW",Left,82,15,10,25,0.3,1,146,0.1,14:29,22.51,146,271,218,1.13,7.37,13.69,11.01,-,-,-,-,-,,RFA,"$1,800,000","$1,850,000"
411, Blake Coleman,TBL,26,"C, LW, RW",Left,78,22,14,36,0.46,-19,213,0.1,17:00,23.43,213,341,282,1.06,9.63,15.42,12.75,-,-,-,-,-,,UFA,"$1,800,000","$1,800,000"
412, Patrick Maroon,TBL,30,"LW, RW",Left,74,10,18,28,0.38,-3,118,0.08,14:10,15.31,118,203,164,0.88,6.75,11.62,9.38,-,-,-,-,-,NTC,UFA,"$1,750,000","$1,750,000"
413, Chad Johnson,-,32,G,Left,19,-,-,-,-,-,-,-,-,-,-,-,-,-,-,-,-,2,11,1,3.63,0.879,,UFA,"$1,750,000","$1,750,000"
414, Brett Ritchie,BOS,25,RW,Right,53,4,2,6,0.11,-7,57,0.07,9:36,5.19,57,106,79,0.61,6.72,12.49,9.31,-,-,-,-,-,,UFA,"$1,750,000","$1,800,000"
,,,,,,,,,,,,,,,,,,,,,,,,,,,,,No QO,,
415, Micheal Ferland,VAN,26,"LW, RW",Left,71,17,23,40,0.56,13,156,0.11,14:05,19.75,156,251,207,1.18,9.35,15.05,12.41,-,-,-,-,-,,UFA,"$1,750,000","$1,800,000"
416, Jordan Weal,MTL,26,"C, RW, LW",Right,63,8,13,21,0.33,-8,75,0.11,13:27,8.3,75,137,104,0.59,5.31,9.69,7.36,-,-,-,-,-,,UFA,"$1,750,000","$1,750,000"
417, Stefan Noesen,SJS,25,"RW, LW",Right,41,3,5,8,0.2,-19,64,0.05,12:43,9.23,64,102,90,1.06,7.36,11.72,10.34,-,-,-,-,-,,UFA,"$1,725,000","$1,725,000"
,,,,,,,,,,,,,,,,,,,,,,,,,,,,,No QO,,
418, Oscar Lindberg,-,26,"LW, C",Left,55,9,11,20,0.36,4,91,0.1,12:28,8.67,91,158,125,0.76,7.96,13.83,10.94,-,-,-,-,-,,UFA,"$1,700,000","$1,800,000"
419, Mark Jankowski,CGY,23,"LW, C",Left,79,14,18,32,0.41,6,99,0.14,12:42,10.87,99,194,153,0.65,5.92,11.59,9.14,-,-,-,-,-,,RFA,"$1,675,000","$1,600,000"
420, Nate Thompson,PHI,33,C,Left,78,5,8,13,0.17,-1,71,0.07,13:00,7.03,71,110,87,0.42,4.2,6.51,5.15,-,-,-,-,-,M-NTC,UFA,"$1,650,000","$1,650,000"
421, Nick Ritchie,BOS,22,LW,Left,60,9,22,31,0.52,6,96,0.09,15:00,11.44,96,177,149,0.76,6.4,11.8,9.93,-,-,-,-,-,,RFA,"$1,640,000","$1,200,000"
422, Kyle Clifford,TOR,27,LW,Left,72,11,10,21,0.29,4,115,0.1,10:29,13.57,115,195,164,1.08,9.14,15.5,13.03,-,-,-,-,-,,UFA,"$1,600,000","$1,800,000"
423, Zemgus Girgensons,BUF,24,"C, LW",Left,72,5,13,18,0.25,-11,78,0.06,13:36,7.99,78,132,112,0.49,4.78,8.08,6.86,-,-,-,-,-,,RFA,"$1,600,000","$1,600,000"
424, Jake McCabe,BUF,24,LD,Left,59,4,10,14,0.24,-4,64,0.06,18:56,2.94,64,137,95,0.16,3.44,7.35,5.09,-,-,-,-,-,,RFA,"$1,600,000","$1,775,000"
425, Adam Pelech,NYI,23,LD,Left,78,5,16,21,0.27,22,110,0.05,18:37,4.59,110,218,158,0.19,4.54,9,6.52,-,-,-,-,-,,RFA,"$1,600,000","$1,100,000"
426, Josh Teves,VAN,23,LD,Left,1,0,0,0,0,-1,0,0,13:40,0,0,0,0,0,0,0,0,-,-,-,-,-,,10.2(c),"$1,520,700","$925,000"
427, Luca Sbisa,WPG,28,LD,Left,9,0,1,1,0.11,0,5,0,15:28,0.21,5,17,8,0.09,2.15,7.33,3.45,-,-,-,-,-,,UFA,"$1,500,000","$1,500,000"
428, Robin Lehner,VGK,26,G,Left,46,-,-,-,-,-,-,-,-,-,-,-,-,-,-,-,-,25,13,6,2.13,0.93,,UFA,"$1,500,000","$1,500,000"
429, Deryk Engelland,VGK,36,RD,Right,74,2,10,12,0.16,-3,105,0.02,19:52,3.05,105,215,144,0.12,4.28,8.77,5.87,-,-,-,-,-,,UFA,"$1,500,000","$1,500,000"
430, Brett Connolly,FLA,26,"RW, LW",Right,81,22,24,46,0.57,13,139,0.16,13:19,15.2,139,243,187,0.84,7.72,13.5,10.39,-,-,-,-,-,,UFA,"$1,500,000","$1,500,000"
431, Petr Mrázek,CAR,26,G,Left,40,-,-,-,-,-,-,-,-,-,-,-,-,-,-,-,-,23,14,4,2.39,0.914,,UFA,"$1,500,000","$1,500,000"
432, Vinnie Hinostroza,ARI,24,"RW, C",Right,72,16,23,39,0.54,-4,152,0.11,15:16,16.68,152,264,196,0.91,8.3,14.41,10.7,-,-,-,-,-,,RFA,"$1,500,000","$1,500,000"
433, Juuse Saros,NSH,23,G,Left,31,-,-,-,-,-,-,-,-,-,-,-,-,-,-,-,-,17,10,3,2.62,0.915,,RFA,"$1,500,000","$1,500,000"
434, Drake Caggiula,CHI,24,"LW, RW",Left,55,12,11,23,0.42,-5,96,0.13,14:25,10.8,96,148,120,0.82,7.26,11.19,9.07,-,-,-,-,-,,RFA,"$1,500,000","$1,500,000"
435, Johan Larsson,BUF,25,"C, LW",Left,73,6,8,14,0.19,-8,79,0.08,14:17,8.16,79,160,124,0.47,4.54,9.19,7.13,-,-,-,-,-,,RFA,"$1,475,000","$1,550,000"
436, Markus Granlund,-,25,"RW, LW, C",Left,77,12,10,22,0.29,-4,123,0.1,15:02,13.58,123,198,161,0.7,6.37,10.26,8.34,-,-,-,-,-,,UFA,"$1,475,000","$1,475,000"
,,,,,,,,,,,,,,,,,,,,,,,,,,,,,No QO,,
437, Mark Barberio,-,28,LD,Left,12,1,0,1,0.08,-6,11,0.09,15:13,0.35,11,26,18,0.11,3.61,8.53,5.91,-,-,-,-,-,,UFA,"$1,450,000","$1,450,000"
438, Pierre-Édouard Bellemare,COL,33,"LW, C",Left,76,6,9,15,0.2,2,108,0.06,12:25,11.3,108,186,142,0.72,6.86,11.81,9.02,-,-,-,-,-,,UFA,"$1,450,000","$1,450,000"
439, Scott Mayfield,NYI,25,RD,Right,79,4,15,19,0.24,18,104,0.04,18:44,4.94,104,274,162,0.2,4.22,11.11,6.57,-,-,-,-,-,,UFA,"$1,450,000","$1,100,000"
440, Steven Santini,NSH,23,RD,Right,39,1,3,4,0.1,-6,41,0.02,16:39,1.48,41,76,60,0.14,3.79,7.02,5.54,-,-,-,-,-,,RFA,"$1,416,667","$1,100,000"
441, Ben Chiarot,MTL,27,LD,Left,78,5,15,20,0.26,6,111,0.05,18:36,3.57,111,231,152,0.15,4.59,9.53,6.28,-,-,-,-,-,,UFA,"$1,400,000","$1,600,000"
442, Sven Andrighetto,-,25,"RW, LW",Left,64,7,10,17,0.27,10,95,0.07,11:04,7.72,95,175,130,0.65,8.05,14.82,11.01,-,-,-,-,-,,UFA,"$1,400,000","$1,550,000"
,,,,,,,,,,,,,,,,,,,,,,,,,,,,,No QO,,
443, Tyler Bertuzzi,DET,23,"LW, RW",Left,73,21,26,47,0.64,11,131,0.16,16:30,15.88,131,249,192,0.79,6.52,12.39,9.56,-,-,-,-,-,,RFA,"$1,400,000","$1,400,000"
444, Matt Grzelcyk,BOS,24,LD,Left,66,3,15,18,0.27,9,90,0.03,19:07,3.29,90,183,135,0.16,4.28,8.69,6.42,-,-,-,-,-,,RFA,"$1,400,000","$1,400,000"
445, Kevin Connauton,COL,28,LD,Left,50,1,7,8,0.16,-2,75,0.01,18:21,2.29,75,167,113,0.15,4.9,10.92,7.39,-,-,-,-,-,,UFA,"$1,375,000","$1,250,000"
446, Derek MacKenzie,-,37,"C, LW",Left,1,0,0,0,0,0,0,0,2:43,0,0,1,0,0,0,22.06,0,-,-,-,-,-,,UFA,"$1,375,000","$1,100,000"
447, Jon Merrill,VGK,26,LD,Left,57,3,12,15,0.26,16,72,0.04,17:52,3.18,72,159,108,0.19,4.24,9.36,6.36,-,-,-,-,-,,UFA,"$1,375,000","$1,275,000"
448, Roman Polák,-,32,RD,Right,77,1,8,9,0.12,6,77,0.01,19:10,3.63,77,155,116,0.15,3.13,6.3,4.72,-,-,-,-,-,,UFA,"$1,300,000","$1,300,000"
449, Michael Hutchinson,COL,28,G,Right,9,-,-,-,-,-,-,-,-,-,-,-,-,-,-,-,-,3,4,1,3.27,0.887,,UFA,"$1,300,000","$1,300,000"
450, Andrej Sustr,-,27,RD,Right,5,0,0,0,0,0,6,0,12:02,0.08,6,9,7,0.08,5.98,8.97,6.98,-,-,-,-,-,,UFA,"$1,300,000","$1,300,000"
451, Connor Carrick,NJD,24,RD,Right,34,2,9,11,0.32,-13,42,0.05,16:47,2.52,42,82,58,0.27,4.41,8.61,6.09,-,-,-,-,-,,RFA,"$1,300,000","$1,300,000"
452, Matthew Peca,OTT,25,"LW, C",Left,39,3,7,10,0.26,-14,35,0.09,10:31,2.92,35,62,42,0.43,5.12,9.06,6.14,-,-,-,-,-,,UFA,"$1,300,000","$1,300,000"
453, Sean Kuraly,BOS,25,"C, LW",Left,71,8,13,21,0.3,6,134,0.06,13:46,10.13,134,209,163,0.62,8.22,12.82,10,-,-,-,-,-,,UFA,"$1,275,000","$1,300,000"
454, Chris Wagner,BOS,27,"RW, C",Right,76,12,7,19,0.25,3,135,0.09,13:27,15.4,135,216,179,0.9,7.92,12.68,10.5,-,-,-,-,-,,UFA,"$1,250,000","$1,250,000"
455, Brad Richardson,ARI,33,C,Left,66,19,8,27,0.41,6,128,0.15,15:57,12.9,128,215,166,0.73,7.29,12.25,9.44,-,-,-,-,-,NMC,UFA,"$1,250,000","$1,100,000"
456, Dan Hamhuis,-,35,LD,Left,57,0,5,5,0.09,-2,39,0,16:02,1.65,39,82,49,0.11,2.56,5.38,3.21,-,-,-,-,-,,UFA,"$1,250,000","$1,500,000"
457, Keith Kinkaid,MTL,28,G,Left,41,-,-,-,-,-,-,-,-,-,-,-,-,-,-,-,-,15,18,3,3.36,0.891,,UFA,"$1,250,000","$1,300,000"
458, Jared McCann,PIT,22,"LW, C",Left,78,19,16,35,0.45,-1,150,0.13,14:31,13.34,150,240,187,0.71,7.94,12.71,9.9,-,-,-,-,-,,RFA,"$1,250,000","$1,250,000"
459, Jake Virtanen,VAN,21,RW,Right,70,15,10,25,0.36,-4,154,0.1,14:49,16.23,154,290,222,0.94,8.91,16.77,12.84,-,-,-,-,-,,RFA,"$1,250,000","$1,000,000"
460, Austin Czarnik,CGY,25,"RW, LW",Right,54,6,12,18,0.33,-1,65,0.09,11:19,7.64,65,121,92,0.75,6.37,11.86,9.02,-,-,-,-,-,,UFA,"$1,250,000","$1,250,000"
461, Mark Borowiecki,OTT,28,LD,Left,53,1,4,5,0.09,-12,59,0.02,15:34,2.87,59,147,109,0.21,4.29,10.69,7.93,-,-,-,-,-,,UFA,"$1,200,000","$1,200,000"
462, Colton Sceviour,PIT,29,RW,Right,59,5,10,15,0.25,-2,116,0.04,12:17,9.4,116,172,146,0.78,9.59,14.23,12.08,-,-,-,-,-,,UFA,"$1,200,000","$1,200,000"
463, Erik Gustafsson,CGY,26,LD/RD,Left,79,17,43,60,0.76,-6,160,0.11,22:35,7.71,160,345,228,0.26,5.38,11.6,7.67,-,-,-,-,-,,UFA,"$1,200,000","$1,000,000"
464, Paul Byron,MTL,29,"LW, RW",Left,56,15,16,31,0.55,16,94,0.16,14:34,10.92,94,132,114,0.8,6.91,9.71,8.39,-,-,-,-,-,,UFA,"$1,166,667","$1,000,000"
465, Robert Bortuzzo,STL,29,RD,Right,59,2,8,10,0.17,9,75,0.03,15:28,3,75,127,97,0.2,4.94,8.36,6.38,-,-,-,-,-,,UFA,"$1,150,000","$1,150,000"
466, Louis Domingue,VAN,26,G,Right,26,-,-,-,-,-,-,-,-,-,-,-,-,-,-,-,-,21,5,0,2.88,0.908,,UFA,"$1,150,000","$1,150,000"
467, Kyle Brodziak,DET,34,C,Right,70,6,3,9,0.13,-14,74,0.08,11:41,6.69,74,129,106,0.49,5.43,9.46,7.77,-,-,-,-,-,,UFA,"$1,150,000","$1,100,000"
468, Robert Hägg,PHI,23,LD,Left,82,5,15,20,0.24,-3,86,0.06,16:56,4.78,86,198,135,0.21,3.71,8.55,5.83,-,-,-,-,-,,RFA,"$1,150,000","$1,000,000"
469, Brandon Tanev,PIT,26,"RW, LW",Left,80,14,15,29,0.36,9,127,0.11,14:06,12.18,127,219,173,0.65,6.75,11.64,9.19,-,-,-,-,-,,UFA,"$1,150,000","$1,150,000"
470, Carter Rowney,ANA,29,"C, RW",Right,62,7,13,20,0.32,0,53,0.13,12:33,7.04,53,89,74,0.54,4.09,6.86,5.71,-,-,-,-,-,,UFA,"$1,133,333","$1,400,000"
471, Derrick Pouliot,STL,24,LD,Left,62,3,9,12,0.19,-1,58,0.05,17:09,3.14,58,150,100,0.18,3.27,8.46,5.64,-,-,-,-,-,,UFA,"$1,100,000","$1,100,000"
,,,,,,,,,,,,,,,,,,,,,,,,,,,,,No QO,,
472, Jordie Benn,VAN,30,LD,Left,81,5,17,22,0.27,15,93,0.05,18:11,3.57,93,198,132,0.15,3.79,8.06,5.37,-,-,-,-,-,,UFA,"$1,100,000","$1,100,000"
473, Dmitrij Jaskin,-,25,"RW, LW",Left,37,2,6,8,0.22,-5,48,0.04,10:05,5.14,48,92,75,0.83,7.72,14.79,12.06,-,-,-,-,-,,UFA,"$1,100,000","$1,100,000"
,,,,,,,,,,,,,,,,,,,,,,,,,,,,,No QO,,
474, Austin Watson,NSH,26,"RW, LW",Right,37,7,9,16,0.43,11,64,0.11,14:29,7.55,64,113,97,0.84,7.16,12.64,10.85,-,-,-,-,-,,UFA,"$1,100,000","$1,100,000"
475, Tom Pyatt,-,31,C,Left,37,0,2,2,0.05,-16,29,0,11:42,2.69,29,53,41,0.37,4.01,7.34,5.68,-,-,-,-,-,,UFA,"$1,100,000","$1,200,000"
476, Al Montoya,-,33,G,Left,0,-,-,-,-,-,-,-,-,-,-,-,-,-,-,-,-,0,0,0,0,0,,UFA,"$1,062,500","$1,125,000"
477, Scott Wilson,BUF,26,LW,Left,15,0,3,3,0.2,-8,25,0,11:27,1.63,25,38,29,0.56,8.73,13.28,10.13,-,-,-,-,-,,UFA,"$1,050,000","$1,000,000"
478, Martin Frk,LAK,24,RW,Right,30,1,5,6,0.2,-9,28,0.04,9:11,3.03,28,58,43,0.66,6.1,12.63,9.36,-,-,-,-,-,,UFA,"$1,050,000","$1,050,000"
,,,,,,,,,,,,,,,,,,,,,,,,,,,,,No QO,,
479, Peter Budaj,-,35,G,Left,3,-,-,-,-,-,-,-,-,-,-,-,-,-,-,-,-,0,1,0,5.07,0.818,,UFA,"$1,025,000","$1,025,000"
480, Devante Smith-Pelly,-,26,"RW, LW",Right,54,4,4,8,0.15,-6,60,0.07,10:51,8.03,60,114,89,0.82,6.14,11.67,9.11,-,-,-,-,-,,UFA,"$1,000,000","$1,000,000"
481, Chris Kunitz,-,38,"RW, LW",Left,56,5,5,10,0.18,-7,44,0.11,9:03,5.23,44,87,61,0.62,5.2,10.29,7.21,-,-,-,-,-,NMC,UFA,"$1,000,000","$1,000,000"
482, Cédric Paquette,TBL,24,"C, LW",Left,80,13,4,17,0.21,7,87,0.15,12:00,9.74,87,142,118,0.61,5.44,8.86,7.37,-,-,-,-,-,,RFA,"$1,000,000","$1,000,000"
483, Tyler Pitlick,PHI,26,RW,Right,47,8,4,12,0.26,-2,75,0.11,13:22,6.51,75,124,99,0.62,7.15,11.83,9.44,-,-,-,-,-,,UFA,"$1,000,000","$1,000,000"
484, Chris Wideman,ANA,28,RD,Right,25,2,5,7,0.28,-12,27,0.07,13:03,1.28,27,66,43,0.24,4.96,12.13,7.9,-,-,-,-,-,,UFA,"$1,000,000","$1,000,000"
485, Yanni Gourde,TBL,26,"RW, LW, C",Left,80,22,26,48,0.6,9,130,0.17,15:50,16.34,130,209,170,0.77,6.16,9.9,8.05,-,-,-,-,-,,UFA,"$1,000,000","$1,000,000"
486, Joakim Nordström,BOS,26,LW,Left,70,7,5,12,0.17,0,103,0.07,13:28,7.89,103,162,135,0.5,6.55,10.3,8.58,-,-,-,-,-,,UFA,"$1,000,000","$900,000"
487, Eric Fehr,-,32,"C, RW",Right,72,7,8,15,0.21,-8,67,0.1,11:02,9.07,67,129,103,0.68,5.05,9.73,7.77,-,-,-,-,-,,UFA,"$1,000,000","$1,000,000"
488, Brooks Orpik,-,37,LD,Left,53,2,7,9,0.17,8,43,0.05,15:39,1.09,43,100,61,0.08,3.11,7.23,4.41,-,-,-,-,-,NTC,UFA,"$1,000,000","$1,000,000"
489, Brian Gibbons,CAR,30,"C, RW, LW",Left,64,8,11,19,0.3,-5,50,0.16,10:54,5.25,50,92,73,0.45,4.29,7.9,6.27,-,-,-,-,-,,UFA,"$1,000,000","$1,000,000"
490, Nick Cousins,VGK,24,"LW, C",Left,81,7,20,27,0.33,-8,144,0.05,13:32,13.63,144,234,179,0.75,7.88,12.8,9.78,-,-,-,-,-,,UFA,"$1,000,000","$1,050,000"
,,,,,,,,,,,,,,,,,,,,,,,,,,,,,No QO,,
491, Ross Johnston,NYI,24,LW,Left,17,1,3,4,0.24,3,12,0.08,7:54,1.79,12,17,14,0.8,5.35,7.58,6.24,-,-,-,-,-,,UFA,"$1,000,000","$1,000,000"
492, Madison Bowey,DET,23,RD,Right,50,2,8,10,0.2,-1,48,0.04,15:15,2.22,48,113,78,0.17,3.77,8.89,6.13,-,-,-,-,-,,RFA,"$1,000,000","$1,000,000"
493, Andrew Copp,WPG,23,"C, LW",Left,69,11,14,25,0.36,20,82,0.13,12:09,10.32,82,139,110,0.74,5.86,9.94,7.87,-,-,-,-,-,,RFA,"$1,000,000","$1,100,000"
494, Jakub Jeřábek,-,27,LD,Left,1,0,0,0,0,-3,1,0,7:52,0.19,1,2,2,1.45,7.62,15.25,15.25,-,-,-,-,-,,UFA,"$1,000,000","$1,000,000"
495, Scott Laughton,PHI,24,"LW, C",Left,82,12,20,32,0.39,-11,130,0.09,14:51,15.54,130,211,173,0.77,6.4,10.4,8.52,-,-,-,-,-,,RFA,"$962,500","$1,050,000"
496, Tomas Nosek,VGK,25,"C, LW",Left,68,8,9,17,0.25,-10,116,0.07,12:28,12.18,116,189,153,0.86,8.21,13.37,10.83,-,-,-,-,-,,UFA,"$962,500","$962,500"
,,,,,,,,,,,,,,,,,,,,,,,,,,,,,No QO,,
497, Curtis Lazar,BUF,23,"C, RW",Right,1,0,0,0,0,-1,0,0,4:48,0,0,0,0,0,0,0,0,-,-,-,-,-,,UFA,"$950,000","$1,050,000"
,,,,,,,,,,,,,,,,,,,,,,,,,,,,,No QO,,
498, Antti Niemi,-,34,G,Left,17,-,-,-,-,-,-,-,-,-,-,-,-,-,-,-,-,8,6,0,3.78,0.887,,UFA,"$950,000","$950,000"
499, Gabriel Bourque,WPG,27,"LW, RW",Left,55,2,6,8,0.15,3,34,0.06,9:44,3.8,34,60,53,0.43,3.81,6.72,5.94,-,-,-,-,-,,UFA,"$950,000","$950,000"
500, Nicolas Deslauriers,ANA,27,"RW, LW",Left,48,2,3,5,0.1,-12,48,0.04,10:02,4.17,48,85,67,0.52,5.98,10.58,8.34,-,-,-,-,-,,UFA,"$950,000","$950,000"
501, Josh Leivo,VAN,25,"RW, LW",Right,76,14,10,24,0.32,5,151,0.09,14:02,15.06,151,276,214,0.85,8.5,15.53,12.04,-,-,-,-,-,,RFA,"$925,000","$925,000"
502, Robby Fabbri,DET,22,"LW, C",Left,32,2,4,6,0.19,-4,43,0.05,12:39,4.57,43,83,60,0.68,6.37,12.3,8.89,-,-,-,-,-,,RFA,"$925,000","$925,000"
503, Frank Vatrano,FLA,24,"RW, LW",Left,81,24,15,39,0.48,-10,208,0.12,14:39,20.46,208,324,266,1.03,10.51,16.37,13.44,-,-,-,-,-,,RFA,"$925,000","$925,000"
504, Jayce Hawryluk,OTT,22,"LW, C",Right,42,7,5,12,0.29,-8,35,0.2,9:25,4.23,35,59,50,0.64,5.3,8.94,7.57,-,-,-,-,-,,RFA,"$925,000","$925,000"
505, Eamon McAdam,-,23,G,Left,0,-,-,-,-,-,-,-,-,-,-,-,-,-,-,-,-,0,0,0,0,0,,UFA,"$925,000","$925,000"
,,,,,,,,,,,,,,,,,,,,,,,,,,,,,No QO,,
506, Zachary Werenski,CBJ,20,LD,Left,82,11,33,44,0.54,-12,168,0.07,22:53,9.13,168,348,246,0.28,5.37,11.12,7.86,-,-,-,-,-,,RFA,"$925,000","$925,000"
507, Tyler Motte,VAN,23,"LW, C",Left,74,9,7,16,0.22,-12,114,0.08,12:46,11.26,114,194,155,0.71,7.24,12.31,9.84,-,-,-,-,-,,RFA,"$925,000","$925,000"
508, Kyle Connor,WPG,21,LW,Left,82,34,32,66,0.8,-7,227,0.15,19:15,30.2,227,355,296,1.14,8.63,13.49,11.25,-,-,-,-,-,,RFA,"$925,000","$925,000"
509, Alex Tuch,VGK,22,RW,Right,74,20,32,52,0.7,13,180,0.11,16:43,20.05,180,327,250,0.97,8.73,15.85,12.12,-,-,-,-,-,,RFA,"$925,000","$925,000"
510, Thatcher Demko,VAN,22,G,Left,9,-,-,-,-,-,-,-,-,-,-,-,-,-,-,-,-,4,3,0,2.81,0.913,,RFA,"$925,000","$925,000"
511,J.T. Compher,COL,23,"RW, C",Right,66,16,16,32,0.48,-8,118,0.14,17:28,15.04,118,197,155,0.78,6.14,10.25,8.06,-,-,-,-,-,,RFA,"$925,000","$925,000"
512, Pavel Buchnevich,NYR,23,"RW, LW",Left,64,21,17,38,0.59,-10,119,0.18,15:10,13.63,119,212,164,0.84,7.35,13.1,10.13,-,-,-,-,-,,RFA,"$925,000","$925,000"
513, Sebastian Aho,CAR,20,"C, LW",Left,82,30,53,83,1.01,25,243,0.12,20:09,33.06,243,466,367,1.2,8.82,16.92,13.33,-,-,-,-,-,,RFA,"$925,000","$925,000"
514, Ian McCoshen,CHI,22,LD,Left,19,1,1,2,0.11,-2,15,0.07,13:19,0.63,15,33,27,0.15,3.56,7.82,6.4,-,-,-,-,-,,RFA,"$925,000","$925,000"
515, Nick Schmaltz,ARI,22,C,Right,40,7,18,25,0.63,-12,62,0.11,17:50,6.87,62,122,81,0.57,5.22,10.26,6.81,-,-,-,-,-,,RFA,"$925,000","$925,000"
516, Patrik Laine,WPG,20,"LW, RW",Right,82,30,20,50,0.61,-24,245,0.12,17:13,24.69,245,470,354,1.05,10.4,19.96,15.03,-,-,-,-,-,,RFA,"$925,000","$925,000"
517, Matthew Tkachuk,CGY,20,"LW, RW",Left,80,34,43,77,0.96,14,207,0.16,17:35,27.69,207,344,273,1.18,8.82,14.66,11.63,-,-,-,-,-,,RFA,"$925,000","$925,000"
518, Jesse Puljujärvi,EDM,20,RW,Right,46,4,5,9,0.2,-14,53,0.08,11:57,4.94,53,112,79,0.54,5.78,12.22,8.61,-,-,-,-,-,,RFA,"$925,000","$925,000"
519, Auston Matthews,TOR,20,C,Left,68,37,36,73,1.07,-9,251,0.15,18:33,31.19,251,447,359,1.48,11.94,21.26,17.07,-,-,-,-,-,,RFA,"$925,000","$925,000"
520, Trevor Moore,LAK,23,"RW, LW",Left,25,2,6,8,0.32,1,26,0.08,9:05,2.5,26,48,40,0.66,6.86,12.67,10.56,-,-,-,-,-,,RFA,"$925,000","$925,000"
521, Jakob Chychrun,ARI,20,LD,Left,53,5,15,20,0.38,-12,117,0.04,20:15,8.34,117,255,186,0.47,6.54,14.25,10.4,-,-,-,-,-,,RFA,"$925,000","$925,000"
522, Lucas Johansen,WSH,20,LD,Left,0,0,0,0,0,0,0,0,,,,,,,,,,-,-,-,-,-,,RFA,"$925,000","$925,000"
523, Tage Thompson,BUF,20,"C, RW",Right,65,7,5,12,0.18,-22,108,0.06,12:07,8.81,108,205,156,0.67,8.22,15.6,11.87,-,-,-,-,-,,RFA,"$925,000","$925,000"
524, Zach Aston-Reese,PIT,23,"LW, RW",Left,43,8,9,17,0.4,12,76,0.11,13:39,7.9,76,124,102,0.81,7.77,12.67,10.42,-,-,-,-,-,,RFA,"$925,000","$925,000"
525, Gavin Bayreuther,DAL,24,D,Left,19,2,3,5,0.26,2,25,0.08,18:11,1.93,25,62,39,0.34,4.34,10.76,6.77,-,-,-,-,-,,RFA,"$925,000","$925,000"
526, Sam Vigneault,-,22,C,Left,0,0,0,0,0,0,0,0,,,,,,,,,,-,-,-,-,-,,UFA,"$925,000","$925,000"
,,,,,,,,,,,,,,,,,,,,,,,,,,,,,No QO,,
527, Chris Nell,-,23,G,Left,0,-,-,-,-,-,-,-,-,-,-,-,-,-,-,-,-,0,0,0,0,0,,UFA,"$925,000","$925,000"
,,,,,,,,,,,,,,,,,,,,,,,,,,,,,No QO,,
528, Luke Kunin,MIN,20,"RW, C",Right,49,6,11,17,0.35,-9,88,0.07,15:53,6.75,88,164,125,0.52,6.78,12.64,9.64,-,-,-,-,-,,RFA,"$925,000","$925,000"
529, Brock Boeser,VAN,21,RW,Right,69,26,30,56,0.81,-2,209,0.12,19:09,20.69,209,403,289,0.94,9.49,18.3,13.12,-,-,-,-,-,,10.2(c),"$925,000","$925,000"
530, Vinni Lettieri,NYR,23,"C, RW",Right,27,1,2,3,0.11,-7,40,0.03,10:09,3.86,40,70,58,0.84,8.75,15.32,12.69,-,-,-,-,-,,RFA,"$925,000","$925,000"
531, Jake Walman,STL,22,LD,Left,0,0,0,0,0,0,0,0,,,,,,,,,,-,-,-,-,-,,RFA,"$925,000","$925,000"
532, Nick DeSimone,SJS,23,D,Right,0,0,0,0,0,0,0,0,,,,,,,,,,-,-,-,-,-,,RFA,"$925,000","$925,000"
533, Colin White,OTT,21,"RW, C",Right,71,14,27,41,0.58,-24,123,0.11,16:11,16.71,123,228,185,0.87,6.42,11.89,9.65,-,-,-,-,-,,10.2(c),"$925,000","$925,000"
534, Carson Soucy,MIN,23,D,Left,0,0,0,0,0,0,0,0,,,,,,,,,,-,-,-,-,-,,RFA,"$925,000","$925,000"
535, Hunter Miska,COL,22,G,Left,1,-,-,-,-,-,-,-,-,-,-,-,-,-,-,-,-,0,0,0,3.33,0.889,,UFA,"$925,000","$925,000"
,,,,,,,,,,,,,,,,,,,,,,,,,,,,,No QO,,
536, Alex Iafallo,LAK,24,"LW, C",Left,82,15,18,33,0.4,-17,148,0.1,16:49,15.32,148,237,198,0.67,6.43,10.3,8.61,-,-,-,-,-,,RFA,"$925,000","$925,000"
537, Jonathan Dahlén,SJS,20,"LW, C",Left,0,0,0,0,0,0,0,0,,,,,,,,,,-,-,-,-,-,,RFA,"$925,000","$925,000"
538, Carl Grundström,LAK,20,LW,Left,15,5,1,6,0.4,-4,26,0.19,14:58,6.14,27,59,51,1.64,7.22,15.77,13.63,-,-,-,-,-,,RFA,"$925,000","$925,000"
539, Neal Pionk,WPG,22,RD,Right,73,6,20,26,0.36,-16,132,0.05,21:09,5.23,132,245,185,0.2,5.13,9.51,7.18,-,-,-,-,-,,RFA,"$925,000","$925,000"
540, David Kämpf,CHI,23,"C, RW",Left,63,4,15,19,0.3,-6,72,0.06,13:55,7.89,72,124,97,0.54,4.93,8.48,6.64,-,-,-,-,-,,UFA,"$925,000","$925,000"
,,,,,,,,,,,,,,,,,,,,,,,,,,,,,No QO,,
541, Calle Rosén,TOR,24,LD,Left,4,1,0,1,0.25,-3,5,0.2,16:42,0.14,5,10,8,0.13,4.49,8.98,7.18,-,-,-,-,-,,RFA,"$925,000","$925,000"
542, Andreas Borgman,STL,23,LD,Left,0,0,0,0,0,0,0,0,,,,,,,,,,-,-,-,-,-,,RFA,"$925,000","$925,000"
543, Matiss Kivlenieks,CBJ,21,G,Left,0,-,-,-,-,-,-,-,-,-,-,-,-,-,-,-,-,0,0,0,0,0,,RFA,"$925,000","$925,000"
544, Anders Bjork,BOS,21,"LW, RW",Left,20,1,2,3,0.15,-1,18,0.06,11:47,1.77,18,37,28,0.45,4.58,9.41,7.12,-,-,-,-,-,,RFA,"$925,000","$925,000"
545, Oskar Lindblom,PHI,21,LW,Left,81,17,16,33,0.41,-9,162,0.1,13:44,19.28,162,253,207,1.04,8.73,13.64,11.16,-,-,-,-,-,,RFA,"$925,000","$925,000"
546, Henrik Haapala,-,24,"LW, RW",Left,0,0,0,0,0,0,0,0,,,,,,,,,,-,-,-,-,-,,UFA,"$925,000","$925,000"
,,,,,,,,,,,,,,,,,,,,,,,,,,,,,No QO,,
547, Spencer Foo,CGY,24,"RW, C",Right,0,0,0,0,0,0,0,0,,,,,,,,,,-,-,-,-,-,,RFA,"$925,000","$925,000"
548, Cal Petersen,LAK,23,G,Right,11,-,-,-,-,-,-,-,-,-,-,-,-,-,-,-,-,5,4,1,2.61,0.924,,RFA,"$925,000","$925,000"
549, Adam Johnson,PIT,24,"C, LW",Left,6,0,2,2,0.33,2,3,0,5:18,0.28,3,5,3,0.53,5.66,9.43,5.66,-,-,-,-,-,,RFA,"$925,000","$925,000"
550, Nico Hischier,NJD,19,C,Left,69,17,30,47,0.68,0,160,0.11,18:06,18.82,160,248,208,0.9,7.69,11.91,9.99,-,-,-,-,-,,RFA,"$925,000","$925,000"
